article_id,events
78e7310a503068653b2a0122c91d25d9,TechCrunch Sessions: AI
79f34f89f74815f47a52b924e65c6d60,Game Developers Conference (GDC)
87b7d559168308f4b2b1507c6233a2f2,Series B Funding
8f77a9965a6131ef18d4a9f9c97c9384,GTC 2025
5f6a7b8c9d2e1a3456789012,GTC 2025
6f265e3b1843c87dd9a509349468b6c5,ICLR Workshop
8c98393135385a3b0f41b34b6a68b428,Partner Summit
e724b1057d92311c11989d8d67a85a63,Series D Funding
551d21449684367b6c88042cb9710f84,Seed Funding Round
28f039a96e76171b5ca6c0325f542446,SXSW
9783682a6c3e451b8b62a900b10654a5,Flower Labs Summit
a79447503b948141ff3f7149806579af,SXSW conference
9d49e702a052f44c8714a66a49ca2a6a,Paris AI Action summit
9d49e702a052f44c8714a66a49ca2a6a,Mobile World Congress
a1b2c3d4e5f6g7h8i9j0,TechCrunch Sessions: AI
a6429e7b8f548242262e6247f44f25c2089237c2d9f9991492a5a15e7d9b856a,CoreWeave IPO
a913c3010c56a675d0548614a7b66514,theHumanX AI conference
1a1b2c3d4e5f,TechCrunch Sessions: AI
1a1b2c3d4e5f,TechCrunch Sessions: AI Week
6a790ce,Seed Funding Round
c355cf72839f3210b834e4e0d0143f46,TechCrunch Sessions: AI
f92431307b0a8d4234e26ff3a2185d8b52593c17,TechCrunch Disrupt 2025
323e41f1556935900b85669049487d5b,Series A Funding
31a835955e7efdd37700e21e850131d2,SXSW 2025
e5b7d8c29f27a9a2f4a3b5c8a7e8d0e2,SXSW 2025
2a7b8c9d3e4f1a2b3c4d5e6f7a8b9c0d,SXSW conference
414b75a053287f14855e111608c9c214,TechCrunch Sessions: AI
8f843c2b3a2a7f3a2e9f6e93b9c3b7a6,Worldwide Developers Conference
d41d8cd98f00b204e9800998ecf8427e,SXSW conference
a9a195295ff9395966eb02b4550141057227702e,TechCrunch Sessions: AI
78110714699154759993704405592274747032,Donald Trump’s inauguration
78110714699154759993704405592274747032,Senate hearing
2165729527,Augmented Intelligence
47e211262f6b743d9c7f0060f53302b2,AI Action Summit in Paris
a1446d7a73a22f988ff56a9c7d897574,Seed Funding
a1446d7a73a22f988ff56a9c7d897574,June Launch
d41d8cd98f00b204e9800998ecf8427e,Seed Funding
4b56e461d3a3a49a8ca815ef565c6813d96f83a9722a152bc755a8b9e2a1c23a,TechCrunch Sessions: AI
89b0d223185a6c1541a79b742f6b2b0b,Series E Funding
55c2b9401004a69e83c65987352245d3,Series A Funding
f1d923b9f1b86a95f590335e59e3e256,Series E Funding
f1d923b9f1b86a95f590335e59e3e256,IPO
d45225d32b8f3d4b36532e70c2d4d74c402709b0,IPO
30f6469257f429f483504b09c58ca26b,Seed Round Funding
f918c309559444671d753f60e8d309f7,Turing Award
a1b2c3d4e5f6,TechCrunch Sessions: AI
541c5116a2699630325f7995c20450f7,London Hackathon
b91d5437,Series F Funding
3648efca3b80a99081a26f3a44420ff1,re:Invent developer conference
2f74b897e11e291c1c8652b9317e0d6b,Mobile World Congress
e9d7809996476d703d02215bb214c998,Series A Funding
1b3f97431011156b8dd47d57d075c165,Mobile World Congress
a9c6e11c8f5b08939a2a0a580e610c5b,Mobile World Congress
d41d8cd98f00b204e9800998ecf8427e,Paris AI Action Summit
144969795,Google I/O
9f0b8c7a2d3e4f1a6b8d9c2e1a3f5b7d,Mobile World Congress
a89cc9b66354503f02b699b06d5a535c,Series E Funding
83f812c0-295b-4d9f-8e4e-d4f4b35b81e8,Oscars 2025
259951db15926c8b17383764d2c949aa,MWC Barcelona
ea45750b03b158e3571910ff147c852b,Mobile World Congress
93a9ca134e2c8543217a9895b334c6b6,Mobile World Congress (MWC)
65bca911526264d3ff12cf37,Mobile World Congress (MWC) 2025
6c0e2147d29e661453708ef1c4b1a4aa,Worldwide Developers Conference (June)
765021,TechCrunch Sessions: AI
e53991a4e7682db33224371d328690315c1ef1f8,TechCrunch Sessions: AI
b506a1b0517f89d7b39f09942911a45e,Series A Funding
b506a1b0517f89d7b39f09942911a45e,Series B Funding
b506a1b0517f89d7b39f09942911a45e,Series C Funding
b506a1b0517f89d7b39f09942911a45e,Series D Funding
a94ffed9f4c3fba0886d2c9c96bad61f,Seed Round
c4ca4238a0b923820dcc509a6f75849b,TechCrunch Sessions: AI
481640f37c1913efb4527520d891258a,TechCrunch Disrupt 2025
481640f37c1913efb4527520d891258a,Startup Battlefield 200
424a3efd27678a4bc38d2103f5ce1e00,TechCrunch Sessions: AI
1f99f770a9a9152ff7a702ea3d75a383,TechCrunch Disrupt
1f99f770a9a9152ff7a702ea3d75a383,TC Sessions: AI
1f99f770a9a9152ff7a702ea3d75a383,StrictlyVC
505a6e14c5f16ff13fb4c6789417852b,LlamaCon
6f2d1e2a2b3c4d5e6f7a8b9c0d1e2f3a,TechCrunch Sessions: AI
1b6e8a795c6a6a2138675a2dd008a72e,Series A Funding
758a4a34a5d9f255d69b32c3d280b41f,TechCrunch Disrupt 2025
758a4a34a5d9f255d69b32c3d280b41f,Startup Battlefield
123a4b5c6d7e8f901234,Series A Funding
b84a8f1a5f1f4a4b8834c386f6b8059d,WWDC 2024
689b92a7c51a248a011d5d2a8b5a3d1a,Devices & Services Event
1a11c63433a276709c647f6e82993758,TechCrunch Sessions: AI
97e7375642c4e70a6d07495e07210024,Y Combinator
97e7375642c4e70a6d07495e07210024,Seed Funding
6b86b273ff34fce19d6b804eff5a3f5747ada4eaa22f1d49c01e52ddb7875b4b,TechCrunch Sessions: AI
389c54e15f8a5090a75a0a3b5b55593d,TechCrunch Disrupt 2025
389c54e15f8a5090a75a0a3b5b55593d,Startup Battlefield 200
a3b2c4d5e6f7g8h9i0j1k2l3m4n5o6p7,Series B Funding
9280685a5f80c40196534928e5888807,Series A Funding
5b3b9e9d6b9a9c9c9d9a9c9c9d9a9c9c,Series B Funding
6d93f053a2568081a1a2b1d12563194f,Series A Funding
4d5e9f29a9b44c1a8e129b97a3f4e1a3,Pre-Series A Funding
47794336,Alexa event
31e42b947db28134382ca1f56ac0a8b1,Pre-Seed Funding
3f75048e26a6f72733056b586e2e3b41,Seed Funding
6a9698b86df8e2dd7845502931637e01,TechCrunch Startup Battlefield competition 2015
809c061a1735b6817acdd1625f0f3974,Web Summit Qatar
16d74c3a2a72531229b79cfbb2652984,Series Funding
23d4963cfb6b0912d6e5a73233404a90,Series A Funding
,TechCrunch Sessions: AI
hash,Open Source Week
5b3f9b7a1e2c4d8f7a9b8c1d2e3f4a5b,TechCrunch Disrupt 2025
54a5e98a506585b32938f3695750a1092a440970,Series C Funding
3c6192420db4d0543849b675b26969f7,Series B Funding
a4a35e79d0637474732871184224b574,Series C Funding
e88555747b9747445773c6749e88c37c11f78672,Seed Round Funding
259d82649f5b5e42e954f65136b423d5,LlamaCon
6c702c0151a0572355b0bbd62d1a0c32,Series C Funding
6f253f429161f10c2e1a1d6f04d8b54e,AI Action Summit
6f2d4b3a7a6d6b1b0d0a8e8c0c5c1a4a,Series F Funding
670ba309d5a7f4c2e12a7b364e41515c,Series A Funding
548f7155c97a9b1d0e34105b709120ca,LlamaCon
548f7155c97a9b1d0e34105b709120ca,Meta Connect
6d1cf9680525478a34e4974e47173f8e,Series C Funding
24184000,Seed Round Funding
f9a5d67b11c9f2b3e8d4a70a9b5c6a1a,Series C Funding
960d1b35a15d0a86f4a1984e8ff18373,AI Action Summit
55f4d3299a8ff3e80780a881,Dubai technology conference
3591f347456a38c38e4d32d268ca91a7,TC Sessions: AI
5400553163e1c4019c101e03ef6e62f6,Paris AI Action Summit
a8644191e0e8986946e569d134e39127,Series A Funding
b8315868c164134057869e24f63d51f8,World Government Summit
f7e5b8a2c9b7d6e4a1d8c2f0b3a98765,Series B Funding
d41d8cd98f00b204e9800998ecf8427e,NASA-DARPA Robotics Challenge
d41d8cd98f00b204e9800998ecf8427e,Series A Funding
d41d8cd98f00b204e9800998ecf8427e,Series A Funding
3641bc8e062b08788f14f51794d14740,Series A Funding
6d6ffef43435f4629647a8d35c784202,Paris AI Action Summit
49f1ecf0e2f307f7e578a3451c9dd503,TechCrunch All Stage
a3f7b2c9d4e15a8b60c347e9f1b20da1,Italian Tech Week
6d46f81cf4a5f175642c447c4e338737,Funding Round
f75f2d9e8f9117221b89d9a342b782d6,TechCrunch Sessions: AI
76b6b1a19b5d74925b35f613d770f4c6,Series A Funding
76b6b1a19b5d74925b35f613d770f4c6,Seed Funding
e5b74929,TechCrunch Disrupt 2025
e5b74929,Startup Battlefield 200
4012a5a27b2054b99e865a99a086f7f6,TechCrunch All Stage 2025
b873a20974314b4357b1198d18534c8857d9b964,TechCrunch Disrupt 2025
827ccb0eea8a706c4c34a16891f84e7b,Fire Shield hackathon
827ccb0eea8a706c4c34a16891f84e7b,Radarom
2d5b5d5d5a5d5d5d5d5d5d5d5d5d5d5d5d5d5d5d,SXSW 2025
a63332f2a357b8cf898245a823a55a0f,TC Sessions: AI
a1b2c3d4e5f6g7h8i9j0,Money 2020
3a6c66e579d885a3621e799db7dfb522,Series A Funding
3a6c66e579d885a3621e799db7dfb522,LoftyInc Alpha Launch
a2f4e8b7d1c90a3b5e67f8a1b3d2c479,IPO
171b18b907108764771f12c82e76e8d7,Female Innovation Index 2025
988258e28a69245d3aba15c7770f9b40,October 2023 merger with La Famiglia
5b3cf73e38b22e62d8cf50c5e6a62a28,TC Sessions: AI
2558206c279d5a303dd76d770685157f,TechCrunch Sessions: AI
367c6a9a83271d2a5d97c641f172d5c9,IPO
b205c6f2c3f81c8d9a9a2a017a8f03c4,TechCrunch All Stage 2025
817a2c7429d220b82c923f2c4d2f5514,TechCrunch Disrupt 2025
817a2c7429d220b82c923f2c4d2f5514,Startup Battlefield 200
8a9a2c1c8c3d5b4a9e5d2f7a1b6c5e4d,TechCrunch Sessions: AI
4b93426f08693972714ef77418c0e56a,TechCrunch Disrupt
4b93426f08693972714ef77418c0e56a,TC Sessions: AI
4b93426f08693972714ef77418c0e56a,StrictlyVC
6090877e7b9f0d569f04062a59532b8b,TechCrunch Disrupt 2025
6090877e7b9f0d569f04062a59532b8b,Startup Battlefield 200
4189b76c,Series A Funding
97963356736034285711191597315829077769,TechCrunch Sessions: AI
20250226-8240,TechCrunch Disrupt 2025
20250226-8240,Startup Battlefield 200
64ef098128d89b777c667806b4d8183c,TechCrunch Disrupt 2025
64ef098128d89b777c667806b4d8183c,Startup Battlefield 200
a1b2c3d4e5f6g7h8i9j0k1l2m3n4o5p6,Series C Funding
a1b2c3d4e5f6g7h8i9j0k1l2m3n4o5p6,Series F Funding
a1b2c3d4e5f6g7h8i9j0k1l2m3n4o5p6,Series G Funding
a1b2c3d4e5f6g7h8i9j0k1l2m3n4o5p6,TechCrunch Sessions: AI
4b9b66506824d25f181037bb2d3e988b,TechCrunch Disrupt 2025
4b9b66506824d25f181037bb2d3e988b,Startup Battlefield 200
e5b7a8c1f9a2b3d4c6e8f0a1b2c3d4e5,TechCrunch All Stage 2025
5b300106a8757e3253422b898568e228,Series B of Coactive AI
5b300106a8757e3253422b898568e228,Series A round for Vitable
4a7d0e4f1a163e191091e1c928d1e420,Fund I Closing
827ccb0eea708c1934a058b1c63c8b0273c34c65,TechCrunch All Stage 2025
2f7e5b372f0c6a4e771551d97b3c98c3,TechCrunch Sessions: AI
c84c2f332f0a25d8a55f5733ddc32e48,Game Developers Conference (GDC)
9d2c4b71,Game Developers Conference (GDC)
e578c94690271c3e5ca139615a23080c,Game Developers Conference (GDC)
63728492749283764829,Game Developers Conference (GDC)
39e9ea47169a595c3a59a3e8570816aa,TC Sessions: AI
9070e0f251f980f916b8e472110e624a,Game Developers Conference (GDC)
a768c14b2538d3dd8801714f3d128661,Partner Summit
a1b2c3d4e5f6g7h8i9j0,Grammy party
2e86a6946458a98281f859611c17e65a,SXSW conference
e4b7c3f2d1a8e9b0b7a3b2c5f4d9e8a1,TechCrunch Disrupt 2025
6c7ca23233543a8972a11820e9e75b03,IPO
8e4830709269147c730198e1f778831a,Game Developers Conference (GDC)
a74702484b058cf697942c890170dddd,Game Developers Conference (GDC)
a1b2c3d4e5f6g7h8i9j0,Series A Funding
a1b2c3d4e5f6g7h8i9j0,Coffee with Strangers
a7f8b9c2d3e4a5b6c7d8e9f0a1b2c3d4,Mobile World Congress
a7f8b9c2d3e4a5b6c7d8e9f0a1b2c3d4,Pixel Drop
42c8c55e2624b3a79a3860284ff8a6c2,Seed Funding Round
e5508d7681f8b5246749023bb4f8395b,Feature Drop program
83a46d37b93d254182914711a4738f4e,RightsCon 2025
68e358887c2c3429a9605ffb485ffb36,Worldwide Developers Conference (June)
1b91dfb5044f90d21e659c1c21c480b2,TechCrunch Sessions: AI
424e6f4d7395ffdd99f212e37d4f29e2,TechCrunch Disrupt 2025
424e6f4d7395ffdd99f212e37d4f29e2,Startup Battlefield 200
6107e48a990089912c8a6699,TechCrunch Sessions: AI
61cae393557f87a9d7c64d5c2d9c8939,TechCrunch Disrupt
61cae393557f87a9d7c64d5c2d9c8939,TC Sessions: AI
61cae393557f87a9d7c64d5c2d9c8939,TC All Stage
61cae393557f87a9d7c64d5c2d9c8939,StrictlyVC
a1b2c3d4e5f6g7h8i9j0,LlamaCon
a9c48d2a77e955b26d8c1c11b9944e60,TechCrunch Sessions: AI
71a0a8e76d74e3b753a3e7b0271c75c6,Game Developers Conference (GDC)
4a5e4b3c2d1a0f9876543210abcdef,Game Developers Conference (GDC)
a87ff76d8f84909d64b0f38d9c28d542,TechCrunch Disrupt 2025
a87ff76d8f84909d64b0f38d9c28d542,Startup Battlefield
d41d8cd98f00b204e9800998ecf8427e,WWDC 2024
661468f2913122e981e71b15e1955503,TC Sessions: AI
e00429dd639bb121a6150e8f958a651e,TechCrunch Disrupt 2025
e00429dd639bb121a6150e8f958a651e,Startup Battlefield 200
f716516f2b69e4a6a9714587642d9a89,Pre-Series A Funding
f716516f2b69e4a6a9714587642d9a89,Pre-seed funding
d41d8cd98f00b204e9800998ecf8427e,Game Developers Conference
1789ff182304144e118f39791847fd67,Game Developers Conference
a1b2c3d4e5f6,Seed Round Funding
9a4a872e3d1b93983a68c69968f43985,visionOS 2.4 Release
1a9f2d3e4b5c6a7b8d9e0f1a2b3c4d5e,TechCrunch Sessions: AI
2d88c97231f7c6f43e59d008a93dd4a9,TechCrunch Disrupt 2025
2d88c97231f7c6f43e59d008a93dd4a9,Startup Battlefield 200
827ccb0eea8a706c4c34a16891f84e7b,Fourth-quarter earnings call
8e6b7a3c9d2f1e4a5b3c8d7e2a1b0a9c,Seed Round Funding
e717107c30c875b7279d401f41c75f8d,Game Developers Conference
c0971a80b35640e9831e6a2a9a7f669c,Game Developers Conference (GDC)
c6b5f2a3d4e769b15a82cd98c3339321,Series A Funding
a1b2c3d4e5f6g7h8i9j0k1l2m3n4o5p6,Y Combinator Winter 2025 Demo Day
f7c9a41674737a7b67e8f1a739a49b1c,TC All Stage
f7c9a41674737a7b67e8f1a739a49b1c,TC Sessions: AI
454e0914f8f98959cc64b310f22a6697,TC Sessions: AI
454e0914f8f98959cc64b310f22a6697,Sessions: AI Week
81c3ae82ca66f0a82a5a26267e4e308e,Series B Funding
2c4d8f7a9e3b5c298a7b6d1e0f2a3b4c,Series B Funding
d41d8cd98f00b204e9800998ecf8427e,ICLR Workshop
b94523f01e80d03c92a34ff3f912705a,Seed Funding Round
27a9d28b7241c8259b7892e77c3e522e,Series B Funding
17ef6c8d741543d2c2a686e7908026a1,Fintech Meetup
4052e851f6d5b0137995a352078b2f96,SXSW conference
1c50d39195e5329b9f5b048a1162e9a0,Seed Funding
2d9430538cf5702fd3f4b42f1c1f701e,Series B Funding
e64b98a1d54c3a5c3e2f3b9026789abc,TechCrunch Sessions: AI
5a4d8e9c6e2b3a1f4a2b1c8a,Series B Funding
6c8d2e9f1a1b4c5d8e9f0a1b2c3d4e5f,Pre-Seed Funding
602e61a0e004e41c3b9619a347618bb1,Series C Funding
e59c819f090102f139f580a417a85800,SXSW 2025
16a56105f3d08702f993ea6b52629f994188645f,TechCrunch Disrupt 2025
16a56105f3d08702f993ea6b52629f994188645f,Startup Battlefield 200
a7a027157264b96692b0e169e884b50e,TechCrunch Sessions: AI
6f206b63253450a99e3896a13202511b,TechCrunch Sessions: AI
7f855ef229348e5c0f32703302ca3758,TechCrunch All Stage 2025
d41d8cd98f00b204e9800998ecf8427e,TechCrunch Disrupt 2025
77b54a0e9d7e681a1a68459c5b1e7a39,SXSW
86d939356580466776852c21a4c942a6,Series A Funding
787a99418041915b3e658b5d1ceec5e2,SXSW 2025
978a4f999b8183c14b5b529e27c8441f,IPO
b6f01,TechCrunch Sessions: AI
a30a012c3a501db1a07f471f21e8a6a7,Series E Funding
a30a012c3a501db1a07f471f21e8a6a7,Series D Funding
a30a012c3a501db1a07f471f21e8a6a7,Series A Funding
c6a5f4b6541f3d3a5b0a1b2a3c4e5f678901234,TC Sessions: AI
2cf24dba5fb0a30e26e83b2ac5b9e29e1b161e5c1fa7425e73043362938b9824,AI Action Summit
2cf24dba5fb0a30e26e83b2ac5b9e29e1b161e5c1fa7425e73043362938b9824,World Economic Forum in Davos
2cf24dba5fb0a30e26e83b2ac5b9e29e1b161e5c1fa7425e73043362938b9824,Series A Funding
841a192088503e3e5c08068e583b9f21,TC Sessions: AI
34c5b98b3b15b88c93022b0748353d1b,Series E Funding
2c0d303b8d7f622efd345a8a8c12f41c,Seed Round Funding
827ccb0eea8a706c4c34a16891f84e7b,Series E Funding
78c8dd51,Series A Funding
e5b9f53c4393c7a00a501b64e2461e0c,Seed Round Funding
668a59a392b54378107a72efb11cdb86,TechCrunch Sessions: AI
6a193f97917545f892d35e725731f0f4,Series A Funding
b4011a8f83831c114181b3163d4d2836,Series D Funding
f49b0e9d9833379a75f8b324519169e3,Female Innovation Index 2025
86f2c950b6a1a474e009572141dd62c2,Series A Funding
a9488f75f6b17ca92d33463c79c39804,Series A Funding
f1a2b3c4d5e6f7a8b9c0d1e2f3a4b5c6,Series A Funding
a5b8d2e7f9c3a1b624d5e8a0b7c9d6f1,Seed Funding Round
615b02c799a8a945a1f073bf75b0d90f,Series D extension
615b02c799a8a945a1f073bf75b0d90f,Super Bowl ad
6f2c2a3d1b4e8c7a9f6d5e3c2b1a0987,Series E Funding
b0b6954d07d999999d7e1c8433c1d6a165f470d160004e8b98568d1ffcc815e2,Series D extension
f77180d39c9636a68244167d7999bc3c,Seed Round Funding
e5136f325405010fc660b53f987752f719c1f264,Series B Funding
814a7533a7775803c2f7efaa282e6d5a,TechCrunch Sessions: AI
6490a0018661f35c0709f9cfc00e7171,TechCrunch Sessions: AI
6f956b14-915b-479b-a8a7-d0c41e9928f0,Series A Funding
6f956b14-915b-479b-a8a7-d0c41e9928f0,Series B Funding
6f956b14-915b-479b-a8a7-d0c41e9928f0,Series C Funding
6f956b14-915b-479b-a8a7-d0c41e9928f0,Series D Funding
6f956b14-915b-479b-a8a7-d0c41e9928f0,Seed Round
6f956b14-915b-479b-a8a7-d0c41e9928f0,Pre-Seed Funding
89cf72c1a436ca9477bc8fd096010f46827f404f,Seed Round
20250228techcrunchai,TC Sessions: AI
c157a77b47227f608e17a640f809778b,TechCrunch All Stage 2025
4a85942b2562814c9c53656191581a28,TechCrunch Disrupt 2025
4a85942b2562814c9c53656191581a28,Startup Battlefield 200
8f9e2b3a1c4e5d7a6b8c9d0e1f2a3b4c,TechCrunch Sessions: AI
24a4e3a7f17800f759b9a1f047310490,TechCrunch Disrupt
24a4e3a7f17800f759b9a1f047310490,TC Sessions: AI
24a4e3a7f17800f759b9a1f047310490,TC All Stage
24a4e3a7f17800f759b9a1f047310490,StrictlyVC San Francisco
24a4e3a7f17800f759b9a1f047310490,StrictlyVC London
24a4e3a7f17800f759b9a1f047310490,StrictlyVC Menlo Park
24a4e3a7f17800f759b9a1f047310490,StrictlyVC @ TechCrunch Disrupt
24a4e3a7f17800f759b9a1f047310490,StrictlyVC Palo Alto
2a0cf7847a2c08430a3452d374b3b7d3a5854207,TechCrunch Sessions: AI
657df71b1d22926271f100e5671e5521,Seed Round Funding
8a4c8a3a8f4b9c9a8d5f6e7b4a3c2d1e,Series A Funding
3b098c11875ef8f1d9b1a473363a018c,Y Combinator Winter Cohort
a1b2c3d4e5f6g7h8i9j0k1l2m3n4o5p6,TechCrunch Disrupt 2025
a1b2c3d4e5f6g7h8i9j0k1l2m3n4o5p6,Startup Battlefield 200
58c1a953313c8e740f9f60565703a383,Series A Funding
c5b742c127a9f331f4385d08313d1a73,Series B Funding
3a49b7a65c7a93a8cbdb93f6884783146022f235,Series A Funding
63e4b11b7657938655644b8e09687b14,TechCrunch Sessions: AI
c200b3e6c7fe458e34457948e10b719f,Series Seed Funding
778e2e9b11426e22f2426b72cc240a5a,Series A Funding
4f45a8a2c509b7365393b567a8910ff7,TechCrunch Sessions: AI
18d57648e33302a23633503ff7918df3,TechCrunch Disrupt 2025
18d57648e33302a23633503ff7918df3,Startup Battlefield 200
5dd6a5d97373805b66f8a408a58914f7,Series A Funding
6f374a5d8e7a3c2b1d9f5e8c0a2b7d6e,Series B Funding
a8f5b3c7e9d2a1b4c6f8e3d2a1b4c6f8e3d2a1b4,Series A Funding
629a66306a753199818db498774a2e86,Series A Funding
69f5b03b52e95994015290342f496828,Seed Funding
6a204bd89f14c97b54359a3979f1d0b4,TechCrunch Disrupt 2025
6a204bd89f14c97b54359a3979f1d0b4,Startup Battlefield 200
98a7f152474f4683979b31b5867f728a,Series A Funding
3e86e52f7b506f3494d4a49a5912f6b4,Seed Round Funding
b8ca547f9f1b0a1c49999e12732298d2,TechCrunch Sessions: AI
677b990e116a4f3440708c442ca2ff73,TechCrunch Disrupt 2025
677b990e116a4f3440708c442ca2ff73,Startup Battlefield 200
66870c0cfb7775282b0f6a68,TechCrunch All Stage 2025
4921847219487491283,Series D Funding
4921847219487491283,Series C Funding
4921847219487491283,Series B Funding
d41d8cd98f00b204e9800998ecf8427e,Series C Funding
559c62474cfb65576298ca0375c6a307,Series C Funding
saronicraises600mtomass-produceautonomouswarships,Series C Funding
2515ce5f298fd9c436720c20584237eb,Startup Battlefield
2515ce5f298fd9c436720c20584237eb,Series B Funding
b0744e1d9268519119272045dd186224,Series Funding
f9f93a7b0d477e31e1a15e6d1c689609,AI Action Summit
7a3b8c2d1e4f5a6b7c8d9e0f1a2b3c4d,Seed Round Funding
6a562781b2756e2b023c125a66123c08,Series C Funding
a27c4cf094f4b139843247d144d893a0,Seed Round Funding
a27c4cf094f4b139843247d144d893a0,Y Combinator Fall Program
d41d8cd98f00b204e9800998ecf8427e,Series C Funding
3a44958d77dae426d0c24846c16643d1,TechCrunch Disrupt Startup Battlefield competition
683e2edd75f960a4655e269379061cae,Startmate accelerator
3b2148325305636308e4136a65ff1108,AI Action Summit
6c8e9c36a3f83a465a8147c86236d8e3,Series Blast
419ae82c597c5e05c9ca9560f490110e,SailPoint IPO
6f9143,Dubai technology conference
a7f8b9c2d1e5a4b3c8d7e6f5a4b3c2d1,Paris AI Summit
66f5b796864f3350e9508735,TechCrunch Sessions: AI
a8822723b8341202f74451f5c90f3665,TechCrunch All Stage 2025
b6c8a4998834f2263f0165409827c2f9,Series A Funding
6a1380d6638d597843270f08ff6ef208,Series A Funding
5fe66370cf45a5c6456222a71416c6f45852436f567d536830483a3875612747,Disrupt 2025
5fe66370cf45a5c6456222a71416c6f45852436f567d536830483a3875612747,Startup Battlefield 200
b2992b39f611b69209c7c6ca0a376e92,Munich Security Conference
b2992b39f611b69209c7c6ca0a376e92,Paris AI Action Summit
b2992b39f611b69209c7c6ca0a376e92,Series C Funding
47139f1f89457786b607d920a7407889,Series A Funding
47139f1f89457786b607d920a7407889,NASA-DARPA Robotics Challenge
