article_id,sub_sectors
5e9d8c1a2b3f47689d6a543c12345678,Voice Cloning
5e9d8c1a2b3f47689d6a543c12345678,AI Assistants
54f4f7618a57c0748685a8a0e84f1549,AI Regulation
30a808a913095329294d843c6a070c323f6c4b24,AI Chatbots
a1b2c3d4e5f6,AI-Generated Content
79f34f89f74815f47a52b924e65c6d60,AI Gaming
94557829e7c486e88cf1c5414d2c9c87,Enterprise Automation
6b86b273ff34fce19d6b804eff5a3f5747ada4eaa22f1d49c01e52ddb7875b4b,Semiconductor Supply Chain
87b7d559168308f4b2b1507c6233a2f2,Generative Image Models
3684238acb445ca540e7739c05904ff072206939,Semiconductor Manufacturing
e9d71f552a0119001ca998f642c3a10920f89acb,AI Security
8f77a9965a6131ef18d4a9f9c97c9384,AI Hardware
5f6a7b8c9d2e1a3456789012,GPU Technology
276922e6f27a68e5b4cf12e412ca320ca55b327d,Robotics Software
5b3151c89a87a807e448068e1787958b,AI Agents
58b1930480837a7989d3916a9346598a,AI Agents
6f265e3b1843c87dd9a509349468b6c5,AI Ethics
6f265e3b1843c87dd9a509349468b6c5,AI Research
8c98393135385a3b0f41b34b6a68b428,Social Media AI
60379,Video Generation
a2e2a18a9a8584844090c92197f441c2,Enterprise Search
e724b1057d92311c11989d8d67a85a63,Penetration Testing
e724b1057d92311c11989d8d67a85a63,Vulnerability Management
551d21449684367b6c88042cb9710f84,AI-Powered Gaming
68f97a217fd9c2605137e47e34f25239,AI Agents
a91c2a0d69190446ff81f304536f4dd8,Pathology
a91c2a0d69190446ff81f304536f4dd8,Diagnostic Tools
927c059c5f19a714df587,Large Language Models
3a5a64a38f469c83b6f4a44515e8b08b462575a8,AI Hardware Acceleration
28f039a96e76171b5ca6c0325f542446,AI-powered developer tools
582e67716590496c870447a7f1ff7863,AI Content Creation
9783682a6c3e451b8b62a900b10654a5,Federated Learning
9783682a6c3e451b8b62a900b10654a5,Hybrid Cloud AI
19d01c278a91ef7915553bfdb7c36a575803e84b,Industrial Robotics
19d01c278a91ef7915553bfdb7c36a575803e84b,Warehouse Automation
42b31b266308941c31860a2d189a36b1,AI Agents
b6d84a496f1c480f365b13274c5dd0783038044a,Autonomous Driving
9d49e702a052f44c8714a66a49ca2a6a,AI Regulation
a1b2c3d4e5f6g7h8i9j0,AI Investment Platforms
a6c8b29d3e910a8b7a6c,Application Security
a6c8b29d3e910a8b7a6c,Cloud Security
4710f2c245a2982e8e8b894a21b678e3,Medical Imaging
4710f2c245a2982e8e8b894a21b678e3,Diagnostic AI
a6429e7b8f548242262e6247f44f25c2089237c2d9f9991492a5a15e7d9b856a,AI Cloud Infrastructure
a913c3010c56a675d0548614a7b66514,AI Software Development Platforms
8b75e0044923e29e663e99546bb98f9b,AI-Powered Productivity Tools
1a1b2c3d4e5f,AI Events and Conferences
6a790ce,Virtual Influencer Platforms
c355cf72839f3210b834e4e0d0143f46,AI Events
64701f71d5d7a782433bb75812a801e9,AI Gaming
7a9d5e2b1a3c8f0d46e8b5a7c2d3491c,AI-powered Business Transformation
663116695b2a7,AI Agents
323e41f1556935900b85669049487d5b,AdTech AI
644b684ead94b2515640e2cf4a9c19a1,Smart Home Devices
4433e983c5b8a1b4c67a06434811e60e,AI Copyright Law
663888c7b3b48e0f5e653ffb713095a3,AI Coding Tools
f7d9a8c1b2e34567890123456789abcd,AI Model Development
2a7b8c9d3e4f1a2b3c4d5e6f7a8b9c0d,AI-Driven Cybersecurity
a6f762b39427e4f00ca857ddb2c4a05278667910,RegTech
29b22a514f1f762a924115f1a988a274,Language Models
d41d8cd98f00b204e9800998ecf8427e,AI Infrastructure
414b75a053287f14855e111608c9c214,AI Events
8f843c2b3a2a7f3a2e9f6e93b9c3b7a6,AI Assistants
d41d8cd98f00b204e9800998ecf8427e,Mental Health Platforms
e4ca4ea88d400a1144e7797219699b8a,AI Chatbots
2f7b5d3e9c8a1b4a2f6c8e7d9a3b2c1a,AI Policy
4d5b9a1a7b3c2e1f8a9d4c6b8a5e3f2g,AI Productivity Tools
61a9a03d2f56e0c3f2c7c1e873e98c62,AI Ethics
61a9a03d2f56e0c3f2c7c1e873e98c62,AI Safety
a9a195295ff9395966eb02b4550141057227702e,AI Events
a9a195295ff9395966eb02b4550141057227702e,AI Industry
2f791b5b1d9016037bb32a043f0cfc748cf63f57,Voice AI
65326b23-2052-4444-8b58-17f712915393,AI Chatbots
3a03a29f8449a80836f9a3195c9ee149,Manufacturing Automation
698d51a19d8a812aa05413e5c16c347c,AI Coding Assistants
78110714699154759993704405592274747032,AI Labor Practices
d41d8cd98f00b204e9800998ecf8427e,AI Chatbots
2165729527,AI Art
61a56e9e4b91f8864d2af02633237977,AI Code Generation
47e211262f6b743d9c7f0060f53302b2,AI Chatbots and Platforms
68f68a1a729084428f2198cb6979fd5b,OCR Technology
a1446d7a73a22f988ff56a9c7d897574,3D Design Tools
6a9b7c2d8e3f1a4b5c6d,AI Chatbots
d41d8cd98f00b204e9800998ecf8427e,Home Automation
4b56e461d3a3a49a8ca815ef565c6813d96f83a9722a152bc755a8b9e2a1c23a,AI Foundation Models
a1b2c3d4e5f6g7h8i9j0,AI Policy Recommendations
89b0d223185a6c1541a79b742f6b2b0b,LLM Development
89b0d223185a6c1541a79b742f6b2b0b,AI Code Generation
9421a414b7b38b1e369487e46828860a,Voice Cloning
55c2b9401004a69e83c65987352245d3,Security Information and Event Management (SIEM)
e64434266a0343e096c3ff6e37039c04,AI Code Generation
2f9b3b9d7a5e4c8f1a2b3c4d5e6f7a8b9c0d1e2f3a4b5c6d7e8f9a0b1c2d3e4f,AI Ethics
2f9b3b9d7a5e4c8f1a2b3c4d5e6f7a8b9c0d1e2f3a4b5c6d7e8f9a0b1c2d3e4f,AI Safety
a1b2c3d4e5f6g7h8i9j0,AI Chatbots
a1b2c3d4e5f6g7h8i9j0,Multimodal AI
a1b2c3d4e5f6g7h8i9j0,Reasoning Models
f1d923b9f1b86a95f590335e59e3e256,Sales Intelligence
2a35a058163f0203786e6d83a9127229,AI-powered Media Production
7963134249497799406798525626424643849,AI Agents
3f644bc6e2205891e1f0524f135c6f0b,AI-Powered App Analysis
d45225d32b8f3d4b36532e70c2d4d74c402709b0,AI Infrastructure
30f6469257f429f483504b09c58ca26b,AI Training Infrastructure
5b3d80d8b507199c26007a250f86e329,AI Search
a7a3a3671a41e6918a0f980cae34689a,AI Ethics
a7a3a3671a41e6918a0f980cae34689a,AI Policy
f918c309559444671d753f60e8d309f7,Reinforcement Learning
d4b304d621c7c4b5619b03b71579953a,E-commerce AI
d4b304d621c7c4b5619b03b71579953a,Personalized Shopping
a1b2c3d4e5f6,AI Events and Conferences
541c5116a2699630325f7995c20450f7,AI Communication Platforms
347298gh4yd92,AI in Scientific Research
144a6325912b9033405f0cf4b484f28c,Antitrust Regulation
31f2a5e89f5e8a793f7819b4d294402112984b7a,Semiconductor Manufacturing
6442ef7958172034768225f5d45fd39f,AI Development Platforms
91cf17ca91c40d2a617a2797fcae7100,Sustainable Data Centers
b959d6d73274e3743082218e160f8cf0,Fraud Prevention
b959d6d73274e3743082218e160f8cf0,Identity Verification
b91d5437,RegTech
a6dd0791890533074922a71608e47279,AI Agents
46421878576305763458,Customer Service Automation
46421878576305763458,AI-Driven CRM
3648efca3b80a99081a26f3a44420ff1,Reasoning Models
66a0a07a9a79b57876a441b8,AI Ethics
66a0a07a9a79b57876a441b8,AI Bias Detection
2f74b897e11e291c1c8652b9317e0d6b,Customer Service AI
89a7c2456e5d3b7f1e2a9d0b3c478f9,Multimodal AI
89a7c2456e5d3b7f1e2a9d0b3c478f9,Vision Language Models
5b3ca8971c56c74a74011c250d9e0268,AI Research
5b3ca8971c56c74a74011c250d9e0268,AI Education
6e5e9c89-6993-4664-a9d1-5d866f129dd9,AI-Powered SEO
e9d7809996476d703d02215bb214c998,AI Agents
1b3f97431011156b8dd47d57d075c165,AI Infrastructure
2715f5b9881c562e279f18513798a9a1,AI Research Funding
108d1f6d4923525b97f400a89dd99938,AI Gaming
7a80832d3676b2f53ad002c3e500943c,AI Chatbots
8062a802f54f4586b01b791e4036d53f,Export Compliance
d41d8cd98f00b204e9800998ecf8427e,AI Policy
d41d8cd98f00b204e9800998ecf8427e,AI Ethics
a954dc587126277c5675b03028a9bb81,Semiconductor Manufacturing
6f25c1546c7e2d07f351335c6c51c16a,Wildlife Monitoring
7f9c2a3b5e1d84c9a6b3f2e1d78a93b2,Audio Generation
144969795,Data Science Tools
a89cc9b66354503f02b699b06d5a535c,AI Chatbots
6197810c6e7f3b7a8b9b6f9d8d3a4b2a,Export Compliance
83f812c0-295b-4d9f-8e4e-d4f4b35b81e8,AI in Film Production
259951db15926c8b17383764d2c949aa,AI-Powered Mobile Devices
ea45750b03b158e3571910ff147c852b,Audio Generation
93a9ca134e2c8543217a9895b334c6b6,AI Assistants
1f3a9b9c8d2e57a04f6b8c7d2e57a04,AI Agents
65bca911526264d3ff12cf37,AI Assistants
6c0e2147d29e661453708ef1c4b1a4aa,AI Assistants
5ffb2e34b3e1c9e97919f1d03ff5959b,AI-Powered Design Tools
f913c532e36d2c14d7d1571450177b2f990a971b,Large Language Models
e53991a4e7682db33224371d328690315c1ef1f8,AI Events
e53991a4e7682db33224371d328690315c1ef1f8,AI Startups
b506a1b0517f89d7b39f09942911a45e,AI Investment
b506a1b0517f89d7b39f09942911a45e,AI-powered Tools
b506a1b0517f89d7b39f09942911a45e,AI-Driven Applications
a94ffed9f4c3fba0886d2c9c96bad61f,Drug Discovery Platforms
17ed44629354e017d8ca4ea1f0c3e328,AI Video Generation
b3e5a1a4282937f66681f113c142b826,Data Analysis Tools
c4ca4238a0b923820dcc509a6f75849b,AI Events and Conferences
6c9587f1102e5282a984675795e682c9,Workplace Surveillance
424a3efd27678a4bc38d2103f5ce1e00,AI Events
87e0638a56d5d8f68f497e12f7a6b6e3,Video Generation AI
1f99f770a9a9152ff7a702ea3d75a383,AI Events
1f99f770a9a9152ff7a702ea3d75a383,AI Startups
505a6e14c5f16ff13fb4c6789417852b,AI Chatbots
664561a129596058e9b9293d,AI Infrastructure
a1b2c3d4e5f6g7h8i9j0,Large Language Models
335537556b6859d1b912173e7ca50967,AI Safety Research
e90486c328e8a94e6f30f7b77a178d03,Large Language Models
6f2d1e2a2b3c4d5e6f7a8b9c0d1e2f3a,AI Events
8b960a77919438f115898104bc1a1b3e,Social Media Advertising
8b960a77919438f115898104bc1a1b3e,AI-Powered Content Creation
80a9313d5c02b0447297b0d82b5892c2,Humanoid Robotics
5c3a7ea9,AI Chatbots
68a0a81419b57b691d8483d03a58a823,AI Security
62384b893a2843cf92418949b69b97bb,AR/VR
1b6e8a795c6a6a2138675a2dd008a72e,AI-powered enterprise solutions
758a4a34a5d9f255d69b32c3d280b41f,AI Events and Conferences
123a4b5c6d7e8f901234,RegTech
123a4b5c6d7e8f901234,AI-powered automation
b84a8f1a5f1f4a4b8834c386f6b8059d,AI Chatbots
b84a8f1a5f1f4a4b8834c386f6b8059d,AI Development Platforms
6f5902ac3b4ff20b138a247c40c118d8,Mobile Devices
f4d201a52b776d6141916c8e677338e7,Lunar Data Storage
49a321c4c1735b612416471d322821b4,AI Accelerators
a93f89a92646c4d6967009f994877c33,AI Assistants
a93f89a92646c4d6967009f994877c33,Consumer AI
c8c3997839f87e03e9698b395148012f,Large Language Models
e5f7b9a0a7b8c2d1e3f4a5b6c7d8e9f0,AI Venture Funding
8a97e3046412e3a073496a96c9a102d1,Speech Recognition AI
689b92a7c51a248a011d5d2a8b5a3d1a,AI Voice Assistants
67cf224b89a0a1505498f82e54b9d2d5826064b2,Voice AI Assistants
720963c6873231c199328b7a508697c5,AI-Powered Learning Platforms
62a3e61d87f5a2458a55f2462b9999f8,Voice AI
1a11c63433a276709c647f6e82993758,3D Reconstruction Software
97e7375642c4e70a6d07495e07210024,AI Code Generation
66a42e7e0c5246b1a72d8401,AI Assistants
6b86b273ff34fce19d6b804eff5a3f5747ada4eaa22f1d49c01e52ddb7875b4b,AI Events
a3b2c4d5e6f7g8h9i0j1k2l3m4n5o6p7,Sales Automation
9280685a5f80c40196534928e5888807,Due Diligence Platforms
3f2a1b5b8e7a9c6d4f1a8e0c7b5a3d2c,Local AI Inference
3f2a1b5b8e7a9c6d4f1a8e0c7b5a3d2c,Gaming PC
5b3b9e9d6b9a9c9c9d9a9c9c9d9a9c9c,Warehouse Robotics
c2741a54275991805923795a877e739d,Audiobook Generation
1a2b3c4d5e6f7g8h9i0j,Large Language Models
5e9d3a2f7b6b9d2f7d8a4a2b,AI Chatbots
711c323c1f58993982a33c7c437aa30b13a68f18,Large Language Models
7945c0b7e839cd955ffb69ca4c3a8220,AI Investment Funds
6a390f,AI in Gaming
6d93f053a2568081a1a2b1d12563194f,Industrial Robotics
604a307dd41639993dd5304f89094efd,AI-Powered Search
a9e4d0f448c600e7a4c492084340a098,AI Risk Assessment
5097b107010117b332c142119972d379,AI Application Platforms
4d5e9f29a9b44c1a8e129b97a3f4e1a3,Low-Code/No-Code Platforms
47794336,Voice AI
31e42b947db28134382ca1f56ac0a8b1,Customs Automation
1c81a1bb47333a23059975ff548bbef1,Large Language Models
a3f7b8c2d9e4a157b6c3d2e1a8b5f496,AI Infrastructure
37a78707c3193413b1d55a9868421673,AI Infrastructure
3f75048e26a6f72733056b586e2e3b41,Recruitment AI
a76187a00e7f34b1f2d45348d68d389c,AI Code Completion Tools
6a9698b86df8e2dd7845502931637e01,AI Ethics
6a9698b86df8e2dd7845502931637e01,Copyright Law
16d74c3a2a72531229b79cfbb2652984,Large Language Models
d41d8cd98f00b204e9800998ecf8427e,AI & Legal Services
e5b7c8a7d2f5a9b3e1d4c6f8b0a2d1e3,AI Model Benchmarking
e9943c1169f6d51a92f7e378170858ff,AI Reasoning Models
27b725530fd603689db58901e8a5094a,AI Chatbots
777e17b79e6184704167b99479402293,AI Search Engines
59691b6a9d4708e49c1c378737f97892,Logistics Automation
3b7f1cf59c953a08e88b8d01b6a8d20d,Sustainable Materials
23d4963cfb6b0912d6e5a73233404a90,AI-powered Patent Analytics
e98c37069c3c43018d433e1f1d985a7d,AI Chatbots
a1b2c3d4e5f6g7h8i9j0,AI Server Infrastructure
684e78a31812927905d8dd227a676f2e6a9c1181,AI Video Generation
d41d8cd98f00b204e9800998ecf8427e,Mental Health Platforms
3b9c2e3a1a4b5f7c8d9e0a1b2c3d4e5f,AI Ethics
3b9c2e3a1a4b5f7c8d9e0a1b2c3d4e5f,AI Bias Detection
5637f3f9b05c3427212614476658616f,AI Model Evaluation
6c8f82e948d73c49a91e00e8f171a8a2,Copyright Compliance
1970f709808f185794421ff26b6b9786,Personal AI Assistants
e935e80f87e55d25187968a8468bb2c6,Open Source AI Models
4f70e936e12716394e589edcf83c7388,Home Robotics
15f78148286b42b861a301197694a7a7,AI Model Training
49e6094b969a53451d95d87583e26568,XR AI
33753297c9dd380573343742f1032c03c41d4574,Wearable AI Devices
6b86b273ff34fce19d6b804eff5a3f5747ada4eaa22f1d49c01e52ddb7875b4b,AI Coding Tools
a1b2c3d4e5f6g7h8i9j0,AI Agents
676aa4ed3c9e24d70a25753ef43d3b76,Facial Recognition Technology
d41d8cd98f00b204e9800998ecf8427e,Mobile Devices
1a1b2c3d4e5f6g7h8i9j0k,AI-powered devices
a1b2c3d4e5f6g7h8i9j0k1l2m3n4o5p6,Humanoid Robotics
23e49d6a602ec08849e8f2eb8a5176eb,AI Audio Generation
54a5e98a506585b32938f3695750a1092a440970,AI Observability
54a5e98a506585b32938f3695750a1092a440970,AI Monitoring
6c620d9c4e694e2491a2459e3811887a,AI Chatbots
3c6192420db4d0543849b675b26969f7,AI-powered recruitment
a4a35e79d0637474732871184224b574,AI Code Generation
e88555747b9747445773c6749e88c37c11f78672,Asteroid Mining
e88555747b9747445773c6749e88c37c11f78672,Space Resource Utilization
259d82649f5b5e42e954f65136b423d5,AI Model Evaluation
913e30f4f04182514b6d0455a5db39ca,Career Guidance Platforms
892f0a52b9c13c5764a799b87cf2e021,AI Chatbots
6c702c0151a0572355b0bbd62d1a0c32,Call Center AI
6f253f429161f10c2e1a1d6f04d8b54e,AI Assistants
f7e780a9f8d8a7e6b0c0b2c0a7e7e6b0c0b2c0a7,On-device AI
1a3b4c7d8e9f0a1b2c3d,Email Management AI
a89cb7a453104f16f5429422a8299fb9,Data Center Optimization
6f2d4b3a7a6d6b1b0d0a8e8c0c5c1a4a,Predictive Maintenance
6f2d4b3a7a6d6b1b0d0a8e8c0c5c1a4a,Industrial IoT
670ba309d5a7f4c2e12a7b364e41515c,Corporate Training
670ba309d5a7f4c2e12a7b364e41515c,AI-powered video creation
62b361225ca99169a586b169,AI Hardware
3a7d8c9e2b1a4f638d5f70a89c2345b6,AI Safety Research
46b9a428a19f8d6f8867b26468bb1972,AI Tooling
46b9a428a19f8d6f8867b26468bb1972,Multimodal AI
629503092431660664,AI-Powered Freelance Platforms
548f7155c97a9b1d0e34105b709120ca,AI Development Platforms
6d1cf9680525478a34e4974e47173f8e,Customer Data Platforms
24184000,AI Translation Services
f9a5d67b11c9f2b3e8d4a70a9b5c6a1a,Contract Lifecycle Management
3f927a8154cb3ff5920e49a8e51f82f5,AI Chatbots
a7f8b9c2d1e43a6b5c7d8e9a1b2c3d4e,AI in Journalism
d41d8cd98f00b204e9800998ecf8427e,AI in Legal Research
960d1b35a15d0a86f4a1984e8ff18373,Language Models
42b922226705a69c4bcf57817a4b181e,AI Model Evaluation
e892b0140975e1478998e2875b90a635,Livestock Monitoring
e892b0140975e1478998e2875b90a635,Precision Livestock Farming
6a98234ea5e57801034ca55a07e1f92f,AI Ethics
66d0e98594bb835b4e48e4a276e096b18e40f5c2,Open Source LLMs
5f85a1f4b181557949b6814557c2a60f,Environmental Regulations
5f85a1f4b181557949b6814557c2a60f,AI Ethics
83829c3121056f9d6820551488415c4d,AI-Powered Search
83829c3121056f9d6820551488415c4d,AI Research Assistant
6806f23271928c5517bd3eb52537c4ae,Voice AI
55f4d3299a8ff3e80780a881,Large Language Models
6a9b7c2d3e4f5a1b8c9d,Humanoid Robotics
63d9b8794859d893f09f1c3f28c36583,AI Web Crawlers
3591f347456a38c38e4d32d268ca91a7,AI Events and Community
47b6cd247100e32068924d842944b50e,AI Customer Support
5400553163e1c4019c101e03ef6e62f6,AI Regulation
4f98a3b9f2a171709f86fd5873225002,AI Security
240f275a7ca4b58e2e1563153689985b345c4d06,AI Chatbots
5f7a9b2c1d5e4f8a76b3a9c2,Semiconductor Manufacturing
2d546e8b,AI Chatbots
3489302498,Large Language Models
a8644191e0e8986946e569d134e39127,Marketing Automation
a8644191e0e8986946e569d134e39127,AI-powered Content Personalization
b8315868c164134057869e24f63d51f8,AI-powered Mobile Applications
e58c848f097f4d2e82c2a147b4462160,Copyright Law
e58c848f097f4d2e82c2a147b4462160,AI Regulation
87f3aa49f346c65e157a569c17d880e5,Video Generation
f7e5b8a2c9b7d6e4a1d8c2f0b3a98765,Analog AI Chips
6a9b0c1d2e3f4a5b6c7d8e9f0a1b2c3d,Data Center Energy Efficiency
d41d8cd98f00b204e9800998ecf8427e,Humanoid Robotics
31e569e662f7c9e85e284a1a969281f5,Digital Healthcare Marketplace
d41d8cd98f00b204e9800998ecf8427e,Protein Engineering
d41d8cd98f00b204e9800998ecf8427e,Drug Discovery
e5b727f02a7759dd288738e050d0e11b,AI-powered Search
3641bc8e062b08788f14f51794d14740,Surveillance Technology
6d6ffef43435f4629647a8d35c784202,Digital Regulation
6d6ffef43435f4629647a8d35c784202,Antitrust
a3f7b2c9d4e15a8b60c347e9f1b20da1,Early-Stage Investments
6d46f81cf4a5f175642c447c4e338737,Warehouse Automation
a8b2c3d4e5f6g7h8i9j0k1l2m3n4o5p6,Renewable Energy
a8b2c3d4e5f6g7h8i9j0k1l2m3n4o5p6,Battery Technology
f75f2d9e8f9117221b89d9a342b782d6,AI Investment Platforms
4695c0a5f94b0276c67596e1f7b7a56f,Investment Platforms
4012a5a27b2054b99e865a99a086f7f6,Startup Events
827ccb0eea8a706c4c34a16891f84e7b,Defense Tech
a63332f2a357b8cf898245a823a55a0f,AI Events and Networking
6a9b2d3c1e4f5a6b7c8d9e0f1a2b3c4d,E-commerce Platforms
9578f2a789486e6c72143b5e96f3d8c312f59784,AI-Powered Content Aggregation
3a6c66e579d885a3621e799db7dfb522,Venture Capital
a2f4e8b7d1c90a3b5e67f8a1b3d2c479,Early Stage Investments
988258e28a69245d3aba15c7770f9b40,Investment Management
5b3cf73e38b22e62d8cf50c5e6a62a28,AI Events
2558206c279d5a303dd76d770685157f,AI Events
367c6a9a83271d2a5d97c641f172d5c9,Venture Capital
4b93426f08693972714ef77418c0e56a,AI Events
4b93426f08693972714ef77418c0e56a,Startup Ecosystem
1a93b3851b2256d76660a198390d7a2c,Investment Platforms
64bcfd4f6102a9092c622e3d678b0b6f,Financial Inclusion Platforms
a16zhiresformerrepublicancongressmanpatrickmchenryasadvisor,RegTech
4189b76c,Maternity Care Platforms
a97e148b2d4704a19b02096b289423e493b39f0,Venture Capital AI
20250226-8240,AI Events
20250226-8240,AI Startups
67c6d2b9551ef955b80b9226a79231bb,AI Search
e5d06080683f5485121b475c186d49d43023a311,Private Equity Investments
62c9b0d33d1771cf26b14473c650d7b9,Early Stage Investments
64ef098128d89b777c667806b4d8183c,Startup Competitions
711e958393fbb62c712a186e74f5134e,Deep Tech Investments
a1b2c3d4e5f6g7h8i9j0k1l2m3n4o5p6,AI-Powered Marketing Tools
a1b2c3d4e5f6g7h8i9j0k1l2m3n4o5p6,AI Coding Tools
a1b2c3d4e5f6g7h8i9j0k1l2m3n4o5p6,Legal Tech
a1b2c3d4e5f6,Venture Capital
a1b2c3d4e5f6,Investment Management
a1b2c3d4e5f6g7h8i9j0k1l2m3n4o5p6,AI Events
4b9b66506824d25f181037bb2d3e988b,AI Events
83cf3f59979c6d530a2a5e6c35ef6c279e0a6e07,Pre-seed funding
83cf3f59979c6d530a2a5e6c35ef6c279e0a6e07,Startup acceleration
5b300106a8757e3253422b898568e228,Venture Capital
4a7d0e4f1a163e191091e1c928d1e420,Wealth Management
4a7d0e4f1a163e191091e1c928d1e420,Women's Health Investments
83b2b26e03b5434a7b801b346942f54a,Venture Capital
603393,Drug Discovery
d41d8cd98f00b204e9800998ecf8427e,Venture Capital
2f7e5b372f0c6a4e771551d97b3c98c3,AI Events and Community
35e00e4c73333f584431772216ef5d82,Venture Capital
c84c2f332f0a25d8a55f5733ddc32e48,App Store Platforms
9c2a4f6c3b1a8e5e7d2f0a3b8c4d7e9a,Social Media Monetization
d457935c23c35988a121ef348d816089,AI Chatbots
9d2c4b71,Game Development Tools
e578c94690271c3e5ca139615a23080c,Mobile App Marketplaces
60e2a1a7b0c372463329328e871c7199,Social Media Marketing
4604b592850e9b33f0d87bb6d47d3a0d,AI Chatbots
63728492749283764829,AI-powered Game Development
39e9ea47169a595c3a59a3e8570816aa,AI Events
39e9ea47169a595c3a59a3e8570816aa,AI Networking
2123456789abcdef0123456789abcdef01234567,Audiobook Platforms
9070e0f251f980f916b8e472110e624a,Mobile App Store
87b92b827c89e6324d0a6e904e1c9759,AI-powered Productivity Tools
57f33d75d8911a5094170994b0e75f5d,Content Moderation AI
4372905,Cryptocurrency Wallets
a52a20286873a06f279b73711fc17370,Mobile Payments
a52a20286873a06f279b73711fc17370,App Distribution
a768c14b2538d3dd8801714f3d128661,AI-Powered Social Media Filters
a1b2c3d4e5f6g7h8i9j0,Music Streaming Platforms
66cf7301833345c2368c63973b538557,Online Learning Platforms
a1b2c3d4e5f6g7h8i9j0,AI Agents
a1b2c3d4e5f6g7h8i9j0,AI Development Tools
668f1e96b8115416e245000f0252eb83,Digital Wellbeing
668f1e96b8115416e245000f0252eb83,Parental Control
b891a9b47521cd7a5a96203e22a1b46d,Social Media Platforms
2e86a6946458a98281f859611c17e65a,Social Media Platforms
1a0c886a00e2243e40b38f8628388113840459c9,AI Agents
63ca7e21b198a9cb922c8995d33fa21c,Mental Health Platforms
4f93890d85213f24b5d4ed680a2081a4,Social Media Platforms
27a30ca48dd2176b2388045358a85883,Social Media Personalization
20250307-174639,AI Productivity Tools
2f717a6b696d1a116c99529a5c97a7a3,Music Streaming Platforms
8e4830709269147c730198e1f778831a,Mobile App Marketplaces
f02a9c415fe611e490e7f97616a72b47,Social Media Marketing
6198b9a505b435f75657b53c1e83f360,AI Chatbots
a74702484b058cf697942c890170dddd,Mobile Gaming
a74702484b058cf697942c890170dddd,PC Gaming
a6b0f8e3a7b2c1d4e9f6a5c8b7d0e2f1,Social Media Engagement
a906702392196338d7cf2b4e989e2667,Consumer AI Applications
2cf24dba5fb0a30e26e83b2ac5b9e29e1b161e5c1fa7425e73043362938b9824,AI Search
a1b2c3d4e5f6g7h8i9j0,Social Generative AI
a7f8b9c2d3e4a5b6c7d8e9f0a1b2c3d4,AI-powered Mobile Applications
42c8c55e2624b3a79a3860284ff8a6c2,Mobile Payments
42c8c55e2624b3a79a3860284ff8a6c2,Payment Solutions
3701634472,AI Chatbots
38a5e67a8f07f4567bca03a0a1a5c34b,Mobile App Discovery
65f820401537347c67766d58,Social Media AI
e5508d7681f8b5246749023bb4f8395b,AI Agents
e5508d7681f8b5246749023bb4f8395b,Browser Extensions
e02f7bd780d785a5c5961f89456f44d8,Ride-Sharing Services
83a46d37b93d254182914711a4738f4e,Privacy Tools
68e358887c2c3429a9605ffb485ffb36,AI Assistants
f34a58f7305f6f93878d48487c18398758d4f866,Email Management
5b36e848777f96584b29,Private Security
5b36e848777f96584b29,Mobile Personal Safety
66a3a0d34833994f5d782404465b0a27,AI-Powered Business Intelligence
1b698a6c953a10b6f677489e37f6918f,Photo Sharing Apps
1b91dfb5044f90d21e659c1c21c480b2,AI Events
6107e48a990089912c8a6699,AI Events
a2d4b6c8e1f0a3b7c9d8e7f6a5b4c3d2,Cloud Communication Platforms
61cae393557f87a9d7c64d5c2d9c8939,AI Events
61cae393557f87a9d7c64d5c2d9c8939,Startup Ecosystems
a1b2c3d4e5f6g7h8i9j0,AI Chatbots
123e4567-e89b-12d3-a456-426614174000,Data Leak Prevention
23c6735f1b467b7524ff70168c21635e,Content Monetization Platforms
8c9a8b3b3e08e14f775049396a24b8f4,Child Online Protection
6b86b273ff34fce19d6b804eff5a3f5747ada4eaa22f1d49c01e52ddb7875b4b,Content Moderation AI
71a0a8e76d74e3b753a3e7b0271c75c6,Mobile App Stores
e0b8e8e2b4d3a5f6c7a8b9d0e1f2c3d4,Social Media Marketing
398c7f76d41f54a734a31d2566898435,AI Chatbots
827ccb0eea8a706c4c34a16891f84e7b,E-commerce Platforms
6e8b4a98d9c6123a,Social Media Marketing
d41d8cd98f00b204e9800998ecf8427e,AI Chatbots
d41d8cd98f00b204e9800998ecf8427e,AI Development Platforms
a1b2c3d4e5f6g7h8i9j0k1l2m3n4o5p6,Privacy Tools
a1b2c3d4e5f6g7h8i9j0,Dating Platforms
13af46b3618a98f804743bd71b176cc5c1557440,Children's Educational Platforms
623a91a52f81d4f6a60bb8295773a438,Data Privacy Tools
661468f2913122e981e71b15e1955503,AI Events
661468f2913122e981e71b15e1955503,AI Investment
a98a15f1f707a28f895937f84c415c56,AI-powered Shopping
99a9f8d4e7c8a1b9c7b6a4e3f2a1d5c8,AI Audio Generation
2818b6182258a40192c7c491656a1e05,AI Models
2818b6182258a40192c7c491656a1e05,AI Platforms
34e2d9d71e4632b1b38f171c263d7304,AI Chatbots
a88911547fd50f04e1d397c26885946a,Design Software
641f6d0e38706863607f1e7e9f9b3e8c,AI App Platforms
c4ca4238a0b923820dcc509a6f75849b,Web Browsers
f716516f2b69e4a6a9714587642d9a89,AI-Powered App Development
2930482,Video Advertising Optimization
e55a6a28,Mobile App Development
63cd59c75a39a0b7d34f4c39e70f8d20,Delivery Platforms
d41d8cd98f00b204e9800998ecf8427e,Image Editing Software
e9d717494d15f3d53d8e95f099728995,RegTech
6a58a02600d8f7f5415db61b24a03b76,Messaging Platforms
a1b2c3d4e5f6g7h8i9j0,Social Media Marketing
644b6d91033f15e4a84c3e7049598e15,Ticketing Platforms
644b6d91033f15e4a84c3e7049598e15,Music Streaming
,Transcription Services
a25c91b26b33f1b07f2a46b736371e28,AI Chatbots
54499331121b9f370001430db776e839,AI Search
d41d8cd98f00b204e9800998ecf8427e,App Store Alternatives
6c05851f8c671c40e158b2891e18f855,Social Media Monetization
89bd1f97e7c6f57f69c60d8163e0d542,AI Chatbots
89bd1f97e7c6f57f69c60d8163e0d542,Personal AI Assistants
3c9a57e93b154a438d72d41c413477f4,Social Media Monetization
a1b2c3d4e5f6,Social Media Platforms
62584f4a9b6d7c3e1a29,Mobile AI
62584f4a9b6d7c3e1a29,Personalized Experiences
a9b7c6d5e4f3a2b1c0d9e8a7b6c5d4e3,Recipe Platforms
9a4a872e3d1b93983a68c69968f43985,XR AI
1a9f2d3e4b5c6a7b8d9e0f1a2b3c4d5e,AI Events and Conferences
c6c9b7f9d55756a0c8815cf99520f3f7,Online Learning Platforms
6c81deda572c0319702f1e4352091663,Social Media Moderation
7853164182,Social Media Marketing
3a514d6125450577723fd40d3f609d24,AI Audio Generation
19727e7f249427b5809419e889c44244,AI Content Creation Tools
614ca003676c035c667d5ac97c247355,Live Streaming Platforms
28697018214605393071097136880387069663,Mobile Commerce
a93665a5929907c9c55576934a10e059,Ride-hailing
a93665a5929907c9c55576934a10e059,Urban Mobility
9b7c3a2e1f9d5b3c8a2b1e5d4a7f609e,AI Assistants
5e72a8f56b4a99c7a23cf157b81e713b,Visual Search
5e72a8f56b4a99c7a23cf157b81e713b,AI-Powered Search
7178c179b7086f597c51db50f1d0656e,Social Commerce
827ccb0eea8a706c4c34a16891f84e7b,Dating Apps
e4ca4294a051cf007a8c5e936d633f5f,Email Automation
651066d1a251f81c41a44785b7846b6a,Parenting Support Platforms
a1b2c3d4e5f6,Language Learning Apps
b1a02af8397e100a3cf4b59c886090b87063143c,Regulatory Tech
495d384544b71db64559a82b877af49c,Social Commerce Platforms
8e6b7a3c9d2f1e4a5b3c8d7e2a1b0a9c,AI-Powered Localization
e7ebec872472c04490bd6c41047d0c4e,AI Chatbots
e717107c30c875b7279d401f41c75f8d,Mobile App Stores
47b258c1b4a0c6c4f65619f55a10a9c8,Social Media Marketing
47b258c1b4a0c6c4f65619f55a10a9c8,Content Creator Tools
2f8b46a5b3c4d7e0f9a2c1b3d6e7f8a9,AI Chatbots
c0971a80b35640e9831e6a2a9a7f669c,Mobile Gaming
c0971a80b35640e9831e6a2a9a7f669c,PC Gaming
2334b25272364a81b8b317deff31f839,Digital Asset Management
3a379e1c6e39f3171c4df1378a91b4e9,Food Delivery Logistics
62555447726242986312085222704728243907,Decentralized Social Networks
e86d40c36167236c562a8151f774f325,Social Media Analytics
4d9a8f0a5e6b3c1a7b2f8e4c6d3a2b1,AI Chatbots
12345abc,AI-powered search
12345abc,Chatbots
d41d8cd98f00b204e9800998ecf8427e,Litigation
27b408c32a300576125093903a9068e0,AI-Powered Search
a1b2c3d4e5f6g7h8i9j0,Voice AI
a1b2c3d4e5f6g7h8i9j0,Audio Generation
c6b5f2a3d4e769b15a82cd98c3339321,Surveillance Tech
e98c9b5d8e878e31792b6a7f0a3e8691,Consumer Electronics
a1b2c3d4e5f6g7h8i9j0k1l2m3n4o5p6,AI Agent Tools
81c3ae82ca66f0a82a5a26267e4e308e,Business Intelligence Platforms
2c4d8f7a9e3b5c298a7b6d1e0f2a3b4c,AI Image Generation
66247307,Food Delivery
a975cf0299b75913d08163edb10ef9aa,Investment Platforms
d41d8cd98f00b204e9800998ecf8427e,AI Research
6607a6155c7b3642f62981c6,Enterprise Search
2f994d8995306095058e4d2345c1631e,Early Stage Investments
614c9747-05b0-442f-9089-c3357e7d8bf1,Battery Technology
66b6a,Online Grocery
66b6a,Subscription Commerce
b94523f01e80d03c92a34ff3f912705a,AI-Powered Gaming
27a9d28b7241c8259b7892e77c3e522e,Chemical Supply Chain Management
1b8993d9738e5c8127955e7803475b14a08b22d2,Pathology
1b8993d9738e5c8127955e7803475b14a08b22d2,Diagnostics
17ef6c8d741543d2c2a686e7908026a1,E-commerce Payments
4052e851f6d5b0137995a352078b2f96,AI Tools
4052e851f6d5b0137995a352078b2f96,AI Mentorship
1c50d39195e5329b9f5b048a1162e9a0,SMB Lending
1c50d39195e5329b9f5b048a1162e9a0,Credit Underwriting
2d9430538cf5702fd3f4b42f1c1f701e,EV
2d9430538cf5702fd3f4b42f1c1f701e,Battery Technology
2d9430538cf5702fd3f4b42f1c1f701e,Nuclear Fusion
e64b98a1d54c3a5c3e2f3b9026789abc,AI Investment Platforms
4f933479a89322678b280c44c125667e,Fusion Energy
5a4d8e9c6e2b3a1f4a2b1c8a,Neobanking
5a4d8e9c6e2b3a1f4a2b1c8a,Cross-border Payments
6c8d2e9f1a1b4c5d8e9f0a1b2c3d4e5f,Authentication Technologies
649a8807d91d809351204c8821f73f32,Energy Efficiency
649a8807d91d809351204c8821f73f32,Decarbonization
493d0858509f5156f59f01c20f537731,Museum Management Software
65cfc2e1a819b52b6814a83b,Radiology
65cfc2e1a819b52b6814a83b,Diagnostic Imaging
602e61a0e004e41c3b9619a347618bb1,Predictive Maintenance
602e61a0e004e41c3b9619a347618bb1,Industrial IoT
5e491e817246b15675384d42e5e1e8b1c4c554f2,Rocketry
e59c819f090102f139f580a417a85800,Data Privacy Platforms
16a56105f3d08702f993ea6b52629f994188645f,Startup Competitions
a7a027157264b96692b0e169e884b50e,AI Events and Community
6f206b63253450a99e3896a13202511b,AI Events
77b54a0e9d7e681a1a68459c5b1e7a39,Genetic Engineering
77b54a0e9d7e681a1a68459c5b1e7a39,De-Extinction
86d939356580466776852c21a4c942a6,AdTech
86d939356580466776852c21a4c942a6,Marketing Automation
6c1925c34777752395f81a1556d292e9,AI Coding Tools
978a4f999b8183c14b5b529e27c8441f,Community Platforms
b6f01,AI Events and Networking
e85626933c0a19d4051a504b10a001302f9044bb,AI Policy
c6a5f4b6541f3d3a5b0a1b2a3c4e5f678901234,AI Events
38a0a0a52ef5294924c7c0754a1e1c48b6510b0a,AI-Driven Design
38a0a0a52ef5294924c7c0754a1e1c48b6510b0a,Manufacturing Automation
2f7cb34e8159357ee76152418f83d99f,Defense Robotics
2cf24dba5fb0a30e26e83b2ac5b9e29e1b161e5c1fa7425e73043362938b9824,Large Language Models
469c0f62d88615a75b84e2f3a85c8239,3D Content Creation Tools
34c5b98b3b15b88c93022b0748353d1b,AI Coding Services
2c0d303b8d7f622efd345a8a8c12f41c,Defense Robotics
827ccb0eea8a706c4c34a16891f84e7b,Sales Automation
827ccb0eea8a706c4c34a16891f84e7b,Revenue Intelligence
78c8dd51,Oncology
78c8dd51,Personalized Medicine
64b035270894e91678532f1e84862288,E-commerce Payments
e5b9f53c4393c7a00a501b64e2461e0c,AI Training Infrastructure
d46480181c13281989741436f3b34c2d,AI Platforms
668a59a392b54378107a72efb11cdb86,AI Events
6a193f97917545f892d35e725731f0f4,Biorecycling
6a193f97917545f892d35e725731f0f4,Enzyme Engineering
b4011a8f83831c114181b3163d4d2836,Anti-Drone Systems
f49b0e9d9833379a75f8b324519169e3,Synthetic Biology
f49b0e9d9833379a75f8b324519169e3,Drug Development
86f2c950b6a1a474e009572141dd62c2,AI Agents
86f2c950b6a1a474e009572141dd62c2,Unstructured Data Processing
a9488f75f6b17ca92d33463c79c39804,Aerospace
a9488f75f6b17ca92d33463c79c39804,Military Technology
f1a2b3c4d5e6f7a8b9c0d1e2f3a4b5c6,Quantum Hardware
a5b8d2e7f9c3a1b624d5e8a0b7c9d6f1,Energy Storage Systems
615b02c799a8a945a1f073bf75b0d90f,Expense Management
615b02c799a8a945a1f073bf75b0d90f,Corporate Cards
6f2c2a3d1b4e8c7a9f6d5e3c2b1a0987,AI Chatbots
b0b6954d07d999999d7e1c8433c1d6a165f470d160004e8b98568d1ffcc815e2,Expense Management
b0b6954d07d999999d7e1c8433c1d6a165f470d160004e8b98568d1ffcc815e2,Corporate Cards
f77180d39c9636a68244167d7999bc3c,Engineering Productivity Tools
e5136f325405010fc660b53f987752f719c1f264,Supply Chain Security
6a362d82208a88447736340f84d50781,Creative AI
6a362d82208a88447736340f84d50781,Design AI
7772ffb86485b55f4b13d6cf4e6aa115,Connected Fitness
814a7533a7775803c2f7efaa282e6d5a,AI Events
6f956b14-915b-479b-a8a7-d0c41e9928f0,AI Venture Funding
89cf72c1a436ca9477bc8fd096010f46827f404f,Drug Discovery
89cf72c1a436ca9477bc8fd096010f46827f404f,Research Platforms
3e66a7b168a7a1a56925f1755c71b473,Preventive Healthcare
3e66a7b168a7a1a56925f1755c71b473,Personalized Medicine
20250228techcrunchai,AI Events and Conferences
2c6c78a54f374436a4a98899f7157fa7,Factory Automation
2c6c78a54f374436a4a98899f7157fa7,Workplace Surveillance
4a85942b2562814c9c53656191581a28,AI Events and Competitions
8f9e2b3a1c4e5d7a6b8c9d0e1f2a3b4c,AI Events
24a4e3a7f17800f759b9a1f047310490,AI Events
284a4dd8d6b8f11b4b9d0c3367c78a74,AI Infrastructure
284a4dd8d6b8f11b4b9d0c3367c78a74,Cloud Computing
657df71b1d22926271f100e5671e5521,Accounting Automation
3b098c11875ef8f1d9b1a473363a018c,Defense Robotics
58c1a953313c8e740f9f60565703a383,Insurtech
58c1a953313c8e740f9f60565703a383,Embedded Finance
c5b742c127a9f331f4385d08313d1a73,Automated Decision-Making Platforms
3a49b7a65c7a93a8cbdb93f6884783146022f235,Maternity Care Platforms
26e4b50548493f5969a29f27f33e0c0b,AI Venture Capital
63e4b11b7657938655644b8e09687b14,3D Modeling
63e4b11b7657938655644b8e09687b14,Digital Reconstruction
c200b3e6c7fe458e34457948e10b719f,AI Code Generation
778e2e9b11426e22f2426b72cc240a5a,BNPL
778e2e9b11426e22f2426b72cc240a5a,Vertical SaaS for Dental Clinics
5dd6a5d97373805b66f8a408a58914f7,Security Awareness Training
6f374a5d8e7a3c2b1d9f5e8c0a2b7d6e,Sales Automation
a8f5b3c7e9d2a1b4c6f8e3d2a1b4c6f8e3d2a1b4,RegTech
1cae55973f1505378c96cf3d005c345b,Workforce Analytics
1cae55973f1505378c96cf3d005c345b,Industrial Automation
629a66306a753199818db498774a2e86,Manufacturing Robotics
4059704f6b50b0d780e8d98c9e60a073,Customs Automation
69f5b03b52e95994015290342f496828,Diagnostic Testing
708676253,AI Cloud Infrastructure
2b6922d0361e24989873515d330d4e68,Private Equity
6a204bd89f14c97b54359a3979f1d0b4,Startup Competitions
98a7f152474f4683979b31b5867f728a,Patent Analytics
a7163b2c4f40697039c6142dd281f1b3,Vertical Farming
6b86b273ff34fce19d6b804eff5a3f5747ada4eaa22f1d49c01e52ddb7875b4b,Mental Health Platforms
8438312c2d4c100616e1a7305a627a50,Fraud Detection
8438312c2d4c100616e1a7305a627a50,Financial Planning
3e86e52f7b506f3494d4a49a5912f6b4,Drug Discovery
70c750c4930986f5895704a95b54f7b7,Wearable AI Devices
b8ca547f9f1b0a1c49999e12732298d2,AI Events
6b86b273ff34fce19d6b804eff5a3f5747ada4eaa22f1d49c01e52ddb7875b4b,Facial Recognition Technology
d41d8cd98f00b204e9800998ecf8427e,AI Observability
d41d8cd98f00b204e9800998ecf8427e,Model Evaluation
559c62474cfb65576298ca0375c6a307,AI Code Generation
saronicraises600mtomass-produceautonomouswarships,Defense Robotics
2515ce5f298fd9c436720c20584237eb,Fertility Tech
b0744e1d9268519119272045dd186224,Call Center Solutions
f9f93a7b0d477e31e1a15e6d1c689609,AI Chatbots
7f4d473658d8531978c63d8918d0602b,Corporate Training
a9f2e64f8718dd76e1e68ff06d162060,AI Research
7a3b8c2d1e4f5a6b7c8d9e0f1a2b3c4d,Ridesharing
7a3b8c2d1e4f5a6b7c8d9e0f1a2b3c4d,Urban Mobility
6a562781b2756e2b023c125a66123c08,Customer Data Platforms
a27c4cf094f4b139843247d144d893a0,AI Translation Services
d41d8cd98f00b204e9800998ecf8427e,Contract Lifecycle Management
d41d8cd98f00b204e9800998ecf8427e,Legal AI
3a44958d77dae426d0c24846c16643d1,Wearable Sensors
3a44958d77dae426d0c24846c16643d1,Hormone Monitoring
683e2edd75f960a4655e269379061cae,Educational Gaming
683e2edd75f960a4655e269379061cae,Adaptive Learning Platforms
3b2148325305636308e4136a65ff1108,Multilingual AI Models
64a45f2d8fa6e7d8851e2c84c2c87981,Environmental Impact Assessment
64a45f2d8fa6e7d8851e2c84c2c87981,AI Ethics
3c5e191c033b368a9204201b936470d8,AI-Powered Search
3c5e191c033b368a9204201b936470d8,Research Tools
6c8e9c36a3f83a465a8147c86236d8e3,Humanoid Robotics
a7f8b9c2d1e5a4b3c8d7e6f5a4b3c2d1,Security Compliance
a7f8b9c2d1e5a4b3c8d7e6f5a4b3c2d1,Identity Security
66f5b796864f3350e9508735,AI Events and Conferences
b6c8a4998834f2263f0165409827c2f9,UI/UX Design Tools
6a1380d6638d597843270f08ff6ef208,Marketing Automation
6a1380d6638d597843270f08ff6ef208,AI-Powered Marketing
5fe66370cf45a5c6456222a71416c6f45852436f567d536830483a3875612747,Startup Competitions
b2992b39f611b69209c7c6ca0a376e92,Defense Robotics
21c77449f413f2782e5b7b10f3a8cf4f,Delivery Robotics
47139f1f89457786b607d920a7407889,Humanoid Robotics
47139f1f89457786b607d920a7407889,Embodied AI
