article_id,trends
5e9d8c1a2b3f47689d6a543c12345678,Voice cloning AI assistants
54f4f7618a57c0748685a8a0e84f1549,AI Regulation
54f4f7618a57c0748685a8a0e84f1549,Data Privacy
54f4f7618a57c0748685a8a0e84f1549,AI Ethics
f78314ff467375e94572e09878b712931d9cf9dd,AI Governance
30a808a913095329294d843c6a070c323f6c4b24,AI Personalization
30a808a913095329294d843c6a070c323f6c4b24,AI Chatbots
30a808a913095329294d843c6a070c323f6c4b24,Large Language Models
a1b2c3d4e5f6,Generative AI
a1b2c3d4e5f6,AI-assisted writing tools
a1b2c3d4e5f6,Copyright concerns in AI training data
78e7310a503068653b2a0122c91d25d9,AI events AI networking
79f34f89f74815f47a52b924e65c6d60,AI Companions AI-Powered Gaming Personalized Gaming Experiences
247f5444224b9837e8c887260d472f99f87e28d9,AI development Copyright law
94557829e7c486e88cf1c5414d2c9c87,Agentic AI Business automation Vertical AI
6b86b273ff34fce19d6b804eff5a3f5747ada4eaa22f1d49c01e52ddb7875b4b,Supply Chain Resilience
6b86b273ff34fce19d6b804eff5a3f5747ada4eaa22f1d49c01e52ddb7875b4b,Geopolitical Risk
87b7d559168308f4b2b1507c6233a2f2,Generative AI Licensed Content IP Ecosystem
3684238acb445ca540e7739c05904ff072206939,Domestic chip manufacturing
e9d71f552a0119001ca998f642c3a10920f89acb,AI Security
e9d71f552a0119001ca998f642c3a10920f89acb,Geopolitical tensions in AI
e9d71f552a0119001ca998f642c3a10920f89acb,Export controls on AI chips
8f77a9965a6131ef18d4a9f9c97c9384,Generative AI
8f77a9965a6131ef18d4a9f9c97c9384,Large Language Models
8f77a9965a6131ef18d4a9f9c97c9384,AI applications
5f6a7b8c9d2e1a3456789012,AcceleratedComputingSovereignAIQuantumComputingAI Agents
276922e6f27a68e5b4cf12e412ca320ca55b327d,Robotics Control
276922e6f27a68e5b4cf12e412ca320ca55b327d,Generalizable AI
276922e6f27a68e5b4cf12e412ca320ca55b327d,AI benchmarks
5b3151c89a87a807e448068e1787958b,AI Agents Web Automation
58b1930480837a7989d3916a9346598a,AI agents Microservices Distributed systems
6f265e3b1843c87dd9a509349468b6c5,AI in scientific research AI-generated content AI ethics
8c98393135385a3b0f41b34b6a68b428,Generative AI AI-powered lenses
60379,Generative video AI model licensing Content provenance and rights management
a2e2a18a9a8584844090c92197f441c2,Open Source Solutions AI powered enterprise search
e724b1057d92311c11989d8d67a85a63,AI-powered cybersecurity Automation in cybersecurity Simulated network attacks
551d21449684367b6c88042cb9710f84,AI in Entertainment True Crime Entertainment Generative AI
6a82a3c61790c29e4dd481c03919f132,AI Copyright Litigation
6a82a3c61790c29e4dd481c03919f132,Ethical AI
6a82a3c61790c29e4dd481c03919f132,AI Data Governance
68f97a217fd9c2605137e47e34f25239,AI adoption Digital transformation AI agents Cloud services
a91c2a0d69190446ff81f304536f4dd8,AI-Powered Workflow Automation
a91c2a0d69190446ff81f304536f4dd8,Cloud-Based Healthcare Solutions
a91c2a0d69190446ff81f304536f4dd8,LLMs in Healthcare
927c059c5f19a714df587,AI Funding Concentration Big Tech Influence
3a5a64a38f469c83b6f4a44515e8b08b462575a8,AI Chip Design Custom Hardware
28f039a96e76171b5ca6c0325f542446,AI augmentation Global talent flow Energy-efficient AI
582e67716590496c870447a7f1ff7863,GenerativeAI ContentCreation
9783682a6c3e451b8b62a900b10654a5,On-device AI Hybrid AI Cloud Native AI Open Source AI Federated Learning
19d01c278a91ef7915553bfdb7c36a575803e84b,AI-powered Robotics Industrial Automation Humanoid Robots
42b31b266308941c31860a2d189a36b1,AI Agents
42b31b266308941c31860a2d189a36b1,AI-powered Search
42b31b266308941c31860a2d189a36b1,Automation
a79447503b948141ff3f7149806579af,AI adoption AI-augmented skills Democratization of AI access
b6d84a496f1c480f365b13274c5dd0783038044a,Autonomous Driving Data-driven AI Open-source AI
9d49e702a052f44c8714a66a49ca2a6a,AI Regulation Compliance Deregulation Pressure
a1b2c3d4e5f6g7h8i9j0,AI investment focus on profitability AI agent development
a6c8b29d3e910a8b7a6c,Low-Code/No-Code platformsAI-Driven CybersecuritySimplified Security Solutions
4710f2c245a2982e8e8b894a21b678e3,AI-Powered Diagnostics Preventive ImagingAI Copilots
a6429e7b8f548242262e6247f44f25c2089237c2d9f9991492a5a15e7d9b856a,AI infrastructure investment Cloud computing GPU acceleration
a913c3010c56a675d0548614a7b66514,AGI Development AI Application Focus
a1b2c3d4e5f6g7h8i9j0k1l2m3n4o5p6,AI Model Development Government Regulations Chip Restrictions
8b75e0044923e29e663e99546bb98f9b,AI Integration Productivity Tools
1a1b2c3d4e5f,AIevents AIcommunity Brandpromotion
6a790ce,Generative AI Virtual influencers AI avatar creation Personalized AI experiences
6a411f24a7d189869291b008a187a843e1b930ff,AI voice cloning Impersonation scams Digital security
c355cf72839f3210b834e4e0d0143f46,AI Innovation AI Startups
f92431307b0a8d4234e26ff3a2185d8b52593c17,Startup Ecosystem
f92431307b0a8d4234e26ff3a2185d8b52593c17,Tech Events
f92431307b0a8d4234e26ff3a2185d8b52593c17,Brand Marketing
64701f71d5d7a782433bb75812a801e9,AI-powered gaming experiences AI chatbot platforms 3D rendering technologies
7a9d5e2b1a3c8f0d46e8b5a7c2d3491c,AI-powered automation AI-driven workflow Enterprise AI adoption
663116695b2a7,AI Agents Human-machine collaboration
323e41f1556935900b85669049487d5b,Generative AI AI-powered advertising personalized marketing
644b684ead94b2515640e2cf4a9c19a1,Smart home devices voice control personalized AI assistants
3829b05a39412951c7c73188a1988413,AI Governance Regulatory Scrutiny
25a3b9c7e1f4d2a86b3c04d5a7b8f6,AI investment scrutiny antitrust enforcement
a4b9c2d6e1f80a5e4d3c7b1a9f8b8e2a,DEI Rollback AI Ethics
4433e983c5b8a1b4c67a06434811e60e,AI Copyright Litigation Ethical AI training data
2025030809,AI investment Venture capital
663888c7b3b48e0f5e653ffb713095a3,AI coding assistants High valuations for AI companies LLMs for coding
31a835955e7efdd37700e21e850131d2,Autonomous vehicles Quantum computing Government investment in research
f7d9a8c1b2e34567890123456789abcd,AIModelDevelopment DiversifiedAISourcing AICompetition
e5b7d8c29f27a9a2f4a3b5c8a7e8d0e2,Generative AI Autonomous Vehicles AI in Transportation
2a7b8c9d3e4f1a2b3c4d5e6f7a8b9c0d,Agentic AI Data privacy concerns AI security risks
a6f762b39427e4f00ca857ddb2c4a05278667910,AI Governance Regulatory Scrutiny
29b22a514f1f762a924115f1a988a274,Text Embeddings
29b22a514f1f762a924115f1a988a274,Large Language Models
29b22a514f1f762a924115f1a988a274,AI APIs
d41d8cd98f00b204e9800998ecf8427e,AI Infrastructure Expansion
d41d8cd98f00b204e9800998ecf8427e,Sustainable AI Practices
414b75a053287f14855e111608c9c214,AI community building AI thought leadership
8f843c2b3a2a7f3a2e9f6e93b9c3b7a6,AI-powered assistants Personalization of AI services
d41d8cd98f00b204e9800998ecf8427e,AI Companions Digital Relationships Loneliness Epidemic
e4ca4ea88d400a1144e7797219699b8a,Generative AI
e4ca4ea88d400a1144e7797219699b8a,AI Chatbots
e4ca4ea88d400a1144e7797219699b8a,Open-source AI
2f7b5d3e9c8a1b4a2f6c8e7d9a3b2c1a,AI safety regulation Shift towards AI innovation
4d5b9a1a7b3c2e1f8a9d4c6b8a5e3f2g,AI Integration Conversational AI Productivity Enhancement
61a9a03d2f56e0c3f2c7c1e873e98c62,AI Safety
61a9a03d2f56e0c3f2c7c1e873e98c62,Disinformation Detection
61a9a03d2f56e0c3f2c7c1e873e98c62,Fact Checking
a9a195295ff9395966eb02b4550141057227702e,AI events industry networking AI expertise promotion
2f791b5b1d9016037bb32a043f0cfc748cf63f57,Voice AI Open AI models multimodal models
65326b23-2052-4444-8b58-17f712915393,AI accessibilityAI integrationCross-platform AI
3a03a29f8449a80836f9a3195c9ee149,AI in Manufacturing Automation Process optimization
698d51a19d8a812aa05413e5c16c347c,AI coding assistants Open source contributions
78110714699154759993704405592274747032,Gig work platforms AI data labeling regulatory scrutiny
d41d8cd98f00b204e9800998ecf8427e,Generative AI Mobile AI engagement Multimodal AI
99a835d302f585a15ed59250515e3401,AI limitations Evaluation crisis in AI
2165729527,AI art Generative AI
2165729527,Digital art
61a56e9e4b91f8864d2af02633237977,AI coding assistants AI copilots Low-code/no-code platforms
47e211262f6b743d9c7f0060f53302b2,Open-source AI AI adoption Strategic AI partnerships
2f97e5241965e0a80b61737f1a7144e4,AI safety concerns competitive AI development faster product release cycles
68f68a1a729084428f2198cb6979fd5b,Generative AI RAG systems AI assistants
a1446d7a73a22f988ff56a9c7d897574,Generative AI No-Code Development Democratization of Creative Tools
6a9b7c2d8e3f1a4b5c6d,Generative AI AI Chatbots Privacy-focused services
d41d8cd98f00b204e9800998ecf8427e,AI-powered services
d41d8cd98f00b204e9800998ecf8427e,Robotic automation
d41d8cd98f00b204e9800998ecf8427e,Subscription models
4b56e461d3a3a49a8ca815ef565c6813d96f83a9722a152bc755a8b9e2a1c23a,Generative AI Enterprise AI AI-powered video analysis
a1b2c3d4e5f6g7h8i9j0,AI Governance National Security AI Safety
89b0d223185a6c1541a79b742f6b2b0b,LLM Development
89b0d223185a6c1541a79b742f6b2b0b,AI-Assisted Coding
89b0d223185a6c1541a79b742f6b2b0b,Remote Work
9421a414b7b38b1e369487e46828860a,Synthetic voices AI voice cloning Deepfakes
55c2b9401004a69e83c65987352245d3,AI Agents Autonomous cybersecurity AI-powered security tools
e64434266a0343e096c3ff6e37039c04,AI-Powered Coding AI Code Generation Vibe Coding
2f9b3b9d7a5e4c8f1a2b3c4d5e6f7a8b9c0d1e2f3a4b5c6d7e8f9a0b1c2d3e4f,AI Arms Race AI Safety Defensive AI Development
a1b2c3d4e5f6g7h8i9j0,AI Personal Assistants Multimodal AI Open Source AI AI Agents
f1d923b9f1b86a95f590335e59e3e256,Generative AI Revenue Intelligence AI-Powered SaaS
2a35a058163f0203786e6d83a9127229,AI dubbing content localization multilingual content accessibility
7963134249497799406798525626424643849,AI Agents
7963134249497799406798525626424643849,Specialized AI
3f644bc6e2205891e1f0524f135c6f0b,Generative AI AI summaries LLMs
6357c5cf0a8d9105412c7e6a33a2b114,Generative AI increased model sizeemotional intelligence
d45225d32b8f3d4b36532e70c2d4d74c402709b0,Generative AI AI infrastructure
30f6469257f429f483504b09c58ca26b,LLM development AI infrastructure scaling
5b3d80d8b507199c26007a250f86e329,AI-powered search
5b3d80d8b507199c26007a250f86e329,multimodal queries
5b3d80d8b507199c26007a250f86e329,AI copilots
a7a3a3671a41e6918a0f980cae34689a,AI Governance Policy changes Ethical AI considerations
f918c309559444671d753f60e8d309f7,Reinforcement Learning AI applications
d4b304d621c7c4b5619b03b71579953a,Generative AI
d4b304d621c7c4b5619b03b71579953a,Personalized Shopping
d4b304d621c7c4b5619b03b71579953a,Augmented Reality
a1b2c3d4e5f6,AI expertise promotion AI leadership identification fostering AI innovation AI industry networking
541c5116a2699630325f7995c20450f7,AI Agents
541c5116a2699630325f7995c20450f7,Efficient communication protocols Compute cost optimization
347298gh4yd92,AI in Scientific Discovery
347298gh4yd92,Generative AI
144a6325912b9033405f0cf4b484f28c,AI Partnerships AntitrustScrutiny
31f2a5e89f5e8a793f7819b4d294402112984b7a,Chip manufacturing diversification AI infrastructure development
6442ef7958172034768225f5d45fd39f,AIModelTraining CloudInfrastructure AIworkflows
91cf17ca91c40d2a617a2797fcae7100,Sustainable computing Green data centers AI infrastructure
b959d6d73274e3743082218e160f8cf0,Facial Recognition AI driven scam detection AI verification tools
b91d5437,GenerativeAI
b91d5437,AI-PoweredSolutions
b91d5437,DataCurationforAI
3b6a1ca6f82b56a0501266ad19f20c4a,AI copyright litigation Ethical AI practices AI model training
38d9581118e124b8d3794430190c202734c621af,AI Ethics Transparency in AI
a6dd0791890533074922a71608e47279,AI Agents Automation Enterprise AI Consumer AI
46421878576305763458,Generative AI SaaS consolidation AI-powered automation
3648efca3b80a99081a26f3a44420ff1,AI Reasoning Models
3648efca3b80a99081a26f3a44420ff1,Hybrid AI Systems
3648efca3b80a99081a26f3a44420ff1,Cost-Effective AI
66a0a07a9a79b57876a441b8,Intellectual freedom AI chatbot accuracy
2f74b897e11e291c1c8652b9317e0d6b,AI agents Generative AI Conversational AI AI-driven customer service
89a7c2456e5d3b7f1e2a9d0b3c478f9,Multimodal AI Vision-Language Models Synthetic Data AI Evaluation Benchmarks
5b3ca8971c56c74a74011c250d9e0268,AI in Education
5b3ca8971c56c74a74011c250d9e0268,AI Research
5b3ca8971c56c74a74011c250d9e0268,Corporate-Sponsored Research
6e5e9c89-6993-4664-a9d1-5d866f129dd9,AI search Optimization for AI agents AI-driven SEO Personalized search results
e9d7809996476d703d02215bb214c998,AI Agents
e9d7809996476d703d02215bb214c998,Unstructured Data Processing
e9d7809996476d703d02215bb214c998,Cloud-Based AI Services
1b3f97431011156b8dd47d57d075c165,AI Personalization Decentralized CloudAI-driven network upgrades
2715f5b9881c562e279f18513798a9a1,Government Funding Cuts
2715f5b9881c562e279f18513798a9a1,AI Research Stagnation
108d1f6d4923525b97f400a89dd99938,AI benchmarking AI Gaming Model Evaluation
7a80832d3676b2f53ad002c3e500943c,AI Assistants Multimodal AI Real-time AI
8062a802f54f4586b01b791e4036d53f,Supply chain vulnerabilities Export regulation enforcement
a9c6e11c8f5b08939a2a0a580e610c5b,AI-driven transformation algorithmic amplification
d41d8cd98f00b204e9800998ecf8427e,AI Safety
d41d8cd98f00b204e9800998ecf8427e,AI Governance
d41d8cd98f00b204e9800998ecf8427e,Public AI Infrastructure
a954dc587126277c5675b03028a9bb81,AI Chip Demand Domestic Manufacturing
6f25c1546c7e2d07f351335c6c51c16a,Open source AI Biodiversity monitoring AI-powered conservation
7f9c2a3b5e1d84c9a6b3f2e1d78a93b2,AI-powered narration text-to-speech low-cost AI models AI voice cloning
144969795,AI AgentsAI-powered toolsDataScience
9f0b8c7a2d3e4f1a6b8d9c2e1a3f5b7d,Generative AI Foundational AI Models AI Compute Clusters Open Source AI
a89cc9b66354503f02b699b06d5a535c,Generative AI AI Chatbots Model Simplification
6197810c6e7f3b7a8b9b6f9d8d3a4b2a,Evolving trade restrictions
6197810c6e7f3b7a8b9b6f9d8d3a4b2a,AI chip demand
6197810c6e7f3b7a8b9b6f9d8d3a4b2a,Global technology competition
83f812c0-295b-4d9f-8e4e-d4f4b35b81e8,AI in Filmmaking Ethical AI AI regulation
259951db15926c8b17383764d2c949aa,AI-First Devices Proactive AI Assistants AI-Powered User Interfaces Personalized AI Experiences
ea45750b03b158e3571910ff147c852b,Generative AI Mobile AI Offline AI
93a9ca134e2c8543217a9895b334c6b6,Generative AI AI Assistants Decentralized AI
1f3a9b9c8d2e57a04f6b8c7d2e57a04,AI Agents Native AI Integration Browser-based AI
65bca911526264d3ff12cf37,AI Assistants Real-time interaction
6c0e2147d29e661453708ef1c4b1a4aa,Generative AI AI Assistants Conversational AI
5ffb2e34b3e1c9e97919f1d03ff5959b,Generative AI Creative tools Collaborative design
765021,Generative AI AI safety Responsible AI
f913c532e36d2c14d7d1571450177b2f990a971b,Generative AI AI assistants Neural networks Deep Learning
a1b2c3d4e5f6g7h8i9j0k1l2m3n4o5p6,AI Profitability AI Model Development
e53991a4e7682db33224371d328690315c1ef1f8,Generative AI AI events AI networking
b506a1b0517f89d7b39f09942911a45e,AI-powered tools
b506a1b0517f89d7b39f09942911a45e,Open source AI foundational models
b506a1b0517f89d7b39f09942911a45e,AI Copilots
b506a1b0517f89d7b39f09942911a45e,AI agents
6ca9f2b288a22644b801975c1857a3d3,GenerativeAI AGIdevelopment ReturntoOffice
a94ffed9f4c3fba0886d2c9c96bad61f,AI-driven researchAccelerated discovery processes
17ed44629354e017d8ca4ea1f0c3e328,Generative AI AI Video Generation AI Chatbot Integration
b3e5a1a4282937f66681f113c142b826,GenerativeAI DataVisualization AICopilots AutomatedInsights
6d734c608a4329e52e33c854ca1a96f8,Data Privacy Transparency
c4ca4238a0b923820dcc509a6f75849b,Generative AI Startup Ecosystem
6c9587f1102e5282a984675795e682c9,AI in the workplace Surveillance technology Worker monitoring Ethical AI
481640f37c1913efb4527520d891258a,Startup competitions
481640f37c1913efb4527520d891258a,Industry networking events
481640f37c1913efb4527520d891258a,Tech innovation showcases
424a3efd27678a4bc38d2103f5ce1e00,Generative AIAI InnovationAI investing
87e0638a56d5d8f68f497e12f7a6b6e3,Generative AI Video Generation AI adoption
1f99f770a9a9152ff7a702ea3d75a383,AI integration focus on founders
505a6e14c5f16ff13fb4c6789417852b,Generative AI
505a6e14c5f16ff13fb4c6789417852b,AI Assistants
505a6e14c5f16ff13fb4c6789417852b,Open Source AI
664561a129596058e9b9293d,AI adoption cloud computing startup accelerators
a1b2c3d4e5f6g7h8i9j0,AI compute demand GPU shortage Large language models
335537556b6859d1b912173e7ca50967,AI Persuasion
335537556b6859d1b912173e7ca50967,AI Manipulation
335537556b6859d1b912173e7ca50967,AI Safety
e90486c328e8a94e6f30f7b77a178d03,Scaling AI models Reasoning AI models
6f2d1e2a2b3c4d5e6f7a8b9c0d1e2f3a,AI Innovation AI Networking
8b960a77919438f115898104bc1a1b3e,AI-powered content creation AI-driven marketing personalized advertising AI assistants
80a9313d5c02b0447297b0d82b5892c2,Humanoid Robots AI-Driven Automation Aging-in-Place Solutions
5c3a7ea9,AI Chatbots AI Assistants Cross-Platform Availability
68a0a81419b57b691d8483d03a58a823,AI Safety Vulnerability exploitation Toxic AI
62384b893a2843cf92418949b69b97bb,Augmented Reality Wearable Health Monitoring AI Integration
1b6e8a795c6a6a2138675a2dd008a72e,AI Adoption Enterprise AI Generative AI
758a4a34a5d9f255d69b32c3d280b41f,Startup competitions Innovation networking
123a4b5c6d7e8f901234,Agentic AIAutomated WorkflowsAI Copilots
b84a8f1a5f1f4a4b8834c386f6b8059d,Generative AI Multimodal AI AI integration into existing platforms Custom AI assistants On-device AI processing
6f5902ac3b4ff20b138a247c40c118d8,Generative AI Budget-friendly flagships Computational photography On-device AI processing
f4d201a52b776d6141916c8e677338e7,Space data centers off-Earth data storage AI-driven data center demand
49a321c4c1735b612416471d322821b4,AI infrastructure investments Reasoning AI models
a93f89a92646c4d6967009f994877c33,AI Agents Generative AI Personalized Experiences
c8c3997839f87e03e9698b395148012f,Generative AI Parallel text generation Reduced AI latency Increased AI speed
e5f7b9a0a7b8c2d1e3f4a5b6c7d8e9f0,AI Startups Early Stage Investment
8a97e3046412e3a073496a96c9a102d1,AI conversational agents Improved speech detection models Low-latency real-time transcription
689b92a7c51a248a011d5d2a8b5a3d1a,Generative AI Voice Assistants Smart Home Integration AI-Powered Productivity
67cf224b89a0a1505498f82e54b9d2d5826064b2,Generative AI Voice assistant integration AI-powered chatbots
720963c6873231c199328b7a508697c5,AI-powered education personalized learning child-friendly AI
62a3e61d87f5a2458a55f2462b9999f8,Generative AI AI Assistants Model Agnosticism
1a11c63433a276709c647f6e82993758,Generative AI AI Competition
97e7375642c4e70a6d07495e07210024,AI Coding Assistants
97e7375642c4e70a6d07495e07210024,Open Source AI
97e7375642c4e70a6d07495e07210024,Custom AI Solutions
66a42e7e0c5246b1a72d8401,Generative AI Personalized AI experiences Smart home integration
6b86b273ff34fce19d6b804eff5a3f5747ada4eaa22f1d49c01e52ddb7875b4b,Generative AI Multimodal AI AI Investment
389c54e15f8a5090a75a0a3b5b55593d,AI Innovations Industry Expertise Interactive Sessions Startup Competitions
a3b2c4d5e6f7g8h9i0j1k2l3m4n5o6p7,AI-driven sales enablement
a3b2c4d5e6f7g8h9i0j1k2l3m4n5o6p7,AI co-pilots
a3b2c4d5e6f7g8h9i0j1k2l3m4n5o6p7,Automation in sales
9280685a5f80c40196534928e5888807,Generative AI AI Agents AI-powered solutions
3f2a1b5b8e7a9c6d4f1a8e0c7b5a3d2c,Local AI inference Modular PCs High-performance APUs
5b3b9e9d6b9a9c9c9d9a9c9c9d9a9c9c,Warehouse automation government investment robotics adoption rebuilding industry
c2741a54275991805923795a877e739d,AI-generated content Democratization of publishing AI-powered audio experiences
1a2b3c4d5e6f7g8h9i0j,Generative AI
1a2b3c4d5e6f7g8h9i0j,AI Reasoning
1a2b3c4d5e6f7g8h9i0j,Cloud Integration
5e9d3a2f7b6b9d2f7d8a4a2b,AI Chatbots
5e9d3a2f7b6b9d2f7d8a4a2b,Enterprise AI
5e9d3a2f7b6b9d2f7d8a4a2b,AI Pricing Models
5e9d3a2f7b6b9d2f7d8a4a2b,AI-Powered Collaboration
5e9d3a2f7b6b9d2f7d8a4a2b,AI for Education
711c323c1f58993982a33c7c437aa30b13a68f18,Decreasing AI training costs
711c323c1f58993982a33c7c437aa30b13a68f18,Reasoning models
7945c0b7e839cd955ffb69ca4c3a8220,AI investment
7945c0b7e839cd955ffb69ca4c3a8220,Corporate venture capital
7945c0b7e839cd955ffb69ca4c3a8220,Early-stage AI startups
6a390f,AI gaming
6a390f,AI reasoning
6a390f,AI model benchmarking
6d93f053a2568081a1a2b1d12563194f,Humanoid roboticsAutomation of manufacturingAI-powered robotics
604a307dd41639993dd5304f89094efd,AI-powered Research Subscription AI AI-driven web browsing
a9e4d0f448c600e7a4c492084340a098,AI Safety AI Risk Mitigation Deepfakes
5097b107010117b332c142119972d379,Low-code AI development
5097b107010117b332c142119972d379,AI-powered tools
5097b107010117b332c142119972d379,User-generated AI content
5097b107010117b332c142119972d379,AI app marketplaces
5097b107010117b332c142119972d379,Personalization of AI
4d5e9f29a9b44c1a8e129b97a3f4e1a3,Generative AI
4d5e9f29a9b44c1a8e129b97a3f4e1a3,Low-Code/No-Code Development
4d5e9f29a9b44c1a8e129b97a3f4e1a3,Democratized Software Creation
47794336,Generative AI AI-infused assistants personalized AI experience
31e42b947db28134382ca1f56ac0a8b1,AI-driven automation Streamlined customs process
1c81a1bb47333a23059975ff548bbef1,Open sourcing AI AI model competition Cloud-hosted AI
a3f7b8c2d9e4a157b6c3d2e1a8b5f496,Data center consolidationAI infrastructure investments
37a78707c3193413b1d55a9868421673,AI Accelerators Serverless Computing Open Source AI
3f75048e26a6f72733056b586e2e3b41,Generative AI Agentic AI AI in HR
a76187a00e7f34b1f2d45348d68d389c,AI Code Completion AI-Powered Developer Tools Enterprise AI Adoption
6a9698b86df8e2dd7845502931637e01,AI Ethics Copyright Law Intellectual Property Protection
809c061a1735b6817acdd1625f0f3974,AI weapons
809c061a1735b6817acdd1625f0f3974,Government AI integration
16d74c3a2a72531229b79cfbb2652984,Generative AI Large Language Models
d41d8cd98f00b204e9800998ecf8427e,AI Summarization
d41d8cd98f00b204e9800998ecf8427e,AI Copyright Infringement
d41d8cd98f00b204e9800998ecf8427e,Search Engine Optimization
e5b7c8a7d2f5a9b3e1d4c6f8b0a2d1e3,AI model benchmarking
e5b7c8a7d2f5a9b3e1d4c6f8b0a2d1e3,AI gaming
e9943c1169f6d51a92f7e378170858ff,AI Reasoning Models Hybrid AI Models AI-Powered Developer Tools
27b725530fd603689db58901e8a5094a,AI chatbots
27b725530fd603689db58901e8a5094a,AI censorship
777e17b79e6184704167b99479402293,AI-powered features Rapid product portfolio growth AI search
59691b6a9d4708e49c1c378737f97892,AI-driven logistics automation real-time supply chain visibility
3b7f1cf59c953a08e88b8d01b6a8d20d,Sustainable MaterialsAI-powered Supply Chain Optimization
23d4963cfb6b0912d6e5a73233404a90,Generative AI AI in Legal Tech
e98c37069c3c43018d433e1f1d985a7d,AI Chatbots
e98c37069c3c43018d433e1f1d985a7d,Multilingual AI
e98c37069c3c43018d433e1f1d985a7d,Regional AI Expansion
a1b2c3d4e5f6g7h8i9j0,AI Infrastructure AI-Powered Manufacturing
684e78a31812927905d8dd227a676f2e6a9c1181,AI video generation Democratization of video creation
d41d8cd98f00b204e9800998ecf8427e,AI Chatbots Mental Health Support Hybrid AI Solutions
3b9c2e3a1a4b5f7c8d9e0a1b2c3d4e5f,AI Censorship
3b9c2e3a1a4b5f7c8d9e0a1b2c3d4e5f,AI Bias
3b9c2e3a1a4b5f7c8d9e0a1b2c3d4e5f,Truth-seeking AI
5637f3f9b05c3427212614476658616f,AI Model Benchmarking
5637f3f9b05c3427212614476658616f,Transparent Reporting
15a7f705d6779483692808e4428af46e,AI safety concerns Government regulation of AI
2123ea832225481f65315879564e6179,AI acquisitions AI model development
6c8f82e948d73c49a91e00e8f171a8a2,Generative AI
6c8f82e948d73c49a91e00e8f171a8a2,AI Ethics
6c8f82e948d73c49a91e00e8f171a8a2,Copyright Law
1970f709808f185794421ff26b6b9786,Personalized AI AI-powered Assistance Intelligent Notifications
e935e80f87e55d25187968a8468bb2c6,Open Source AI Increased AI Adoption Efficient AI
1a9b3c2d4e5f6g7h8i9j0k1l2m3n4o5p,AI Infrastructure Spending
1a9b3c2d4e5f6g7h8i9j0k1l2m3n4o5p,Shift to Custom AI Hardware
4f70e936e12716394e589edcf83c7388,Generative AI Age-Tech Embodied Intelligence
15f78148286b42b861a301197694a7a7,AImodeloptimizationAIsystemvalidation
49e6094b969a53451d95d87583e26568,Generative AI XR integration AI copilots spatial computing
33753297c9dd380573343742f1032c03c41d4574,AI Wearables
6b86b273ff34fce19d6b804eff5a3f5747ada4eaa22f1d49c01e52ddb7875b4b,AI Coding Assistants Code Quality Concerns Delivery Stability
,Generative AI
,AI Tools
,AI Investments
hash,Open Source AI AI Model Democratization
5b3f9b7a1e2c4d8f7a9b8c1d2e3f4a5b,AI applications Startup competitions
a1b2c3d4e5f6g7h8i9j0,AI Agents Task automation AI-powered services
676aa4ed3c9e24d70a25753ef43d3b76,Facial Recognition AI ethics Data privacy regulation
d41d8cd98f00b204e9800998ecf8427e,Premium handset financing Growing smartphone market competition
1a1b2c3d4e5f6g7h8i9j0k,AI wearables AI-enabled devicesAI integration into existing electronics
a1b2c3d4e5f6g7h8i9j0k1l2m3n4o5p6,Humanoid Robotics Vision-Language Models AI-Powered Home Assistance
23e49d6a602ec08849e8f2eb8a5176eb,AI-generated content AI-narrated audiobooks Content accessibility
54a5e98a506585b32938f3695750a1092a440970,AI Observability
54a5e98a506585b32938f3695750a1092a440970,AI Agents
54a5e98a506585b32938f3695750a1092a440970,Generative AI
54a5e98a506585b32938f3695750a1092a440970,Open Source AI
6c620d9c4e694e2491a2459e3811887a,Generative AI Growth in AI usage Expansion of AI for Enterprise
3c6192420db4d0543849b675b26969f7,AI Automation
3c6192420db4d0543849b675b26969f7,Gig Economy
3c6192420db4d0543849b675b26969f7,Skills-based Hiring
a4a35e79d0637474732871184224b574,AI-powered coding assistants Enterprise adoption of AI Agentic AI
e88555747b9747445773c6749e88c37c11f78672,Space resource utilization Autonomous systems Deep tech investment
259d82649f5b5e42e954f65136b423d5,Generative AI
259d82649f5b5e42e954f65136b423d5,AI Model Development
259d82649f5b5e42e954f65136b423d5,Open-Source AI
259d82649f5b5e42e954f65136b423d5,AI benchmarks economicimpact alignment
913e30f4f04182514b6d0455a5db39ca,AI-driven career guidance Personalized career pathways AI-powered resume building
892f0a52b9c13c5764a799b87cf2e021,Standalone AI Apps
892f0a52b9c13c5764a799b87cf2e021,AI Assistants
6c702c0151a0572355b0bbd62d1a0c32,Speech Recognition AI Bias Mitigation Personalized Communication
6f253f429161f10c2e1a1d6f04d8b54e,AI Assistants Mobile AI User Adoption
f7e780a9f8d8a7e6b0c0b2c0a7e7e6b0c0b2c0a7,On-deviceAI GenerativeAI LocalizedAI
1a3b4c7d8e9f0a1b2c3d,AI-powered email management AI-driven productivity Personalized email experiences Intelligent automation
a89cb7a453104f16f5429422a8299fb9,Energy-efficient computing AI acceleration Data center optimization
6f2d4b3a7a6d6b1b0d0a8e8c0c5c1a4a,Predictive Maintenance Industrial AI Digital Transformation
670ba309d5a7f4c2e12a7b364e41515c,AI-driven content creation Personalized learning Microlearning
62b361225ca99169a586b169,AI integration
62b361225ca99169a586b169,AI hardware
62b361225ca99169a586b169,AI OS
2e94786391c25d10c4a5f40313eb7704,Creator economy Robotics
3a7d8c9e2b1a4f638d5f70a89c2345b6,AI Safety
3a7d8c9e2b1a4f638d5f70a89c2345b6,Superintelligence Alignment
3a7d8c9e2b1a4f638d5f70a89c2345b6,Venture investment in fundamental AI research
46b9a428a19f8d6f8867b26468bb1972,AI Customization AI Safety Multimodal AI
629503092431660664,AI-Augmented Workforces AI-Driven Automation
64c98e8730c6e996c87e18e637b4c6ca,Corporate governance in AI AI investment scrutiny
548f7155c97a9b1d0e34105b709120ca,Generative AI Open Source AI AI Development Platforms AI Agents
6d1cf9680525478a34e4974e47173f8e,Generative AI
6d1cf9680525478a34e4974e47173f8e,Agentic AI
6d1cf9680525478a34e4974e47173f8e,AI-powered marketing
24184000,AI-powered localization
24184000,Automated translation
24184000,Contextual AI
24184000,Idiomatic AI
f9a5d67b11c9f2b3e8d4a70a9b5c6a1a,Generative AI Legal AI Domain-Specialized AI
3f927a8154cb3ff5920e49a8e51f82f5,AI Copilots AI-Powered Research Tools Open Source AI
a7f8b9c2d1e43a6b5c7d8e9a1b2c3d4e,AIdrivencontentcreation Automatedcontentgeneration AIdrivenjournalism AItooladoption
d41d8cd98f00b204e9800998ecf8427e,Generative AI AI copyrightFair use doctrine
960d1b35a15d0a86f4a1984e8ff18373,Regional AI models Multi-language AI Open-source AI
2e5e1d3d6f406f1735a0c1b19f367570,AI safety Data privacy regulation International AI governance
42b922226705a69c4bcf57817a4b181e,AI Benchmarking Reasoning Models
e892b0140975e1478998e2875b90a635,AI in Agriculture
e892b0140975e1478998e2875b90a635,Precision Livestock Farming
e892b0140975e1478998e2875b90a635,Animal Welfare Tech
6a98234ea5e57801034ca55a07e1f92f,AI censorship
6a98234ea5e57801034ca55a07e1f92f,Intellectual freedom
6a98234ea5e57801034ca55a07e1f92f,Content moderation
66d0e98594bb835b4e48e4a276e096b18e40f5c2,Open Source AI Digital Sovereignty Multilingual AI
d41d8cd98f00b204e9800998ecf8427e,AI accountability Corporate transparency Whistleblower protection
6b86b273ff34fce19d6b804eff5a3f5747ada4eaa22f1d49c01e52ddb7875b4b,Generative AI Mixed Reality AI Integration
5f85a1f4b181557949b6814557c2a60f,Environmental consciousness growing demand for transparent AI development
83829c3121056f9d6820551488415c4d,AI-powered researchfreemium AI toolsAI benchmarking
4b9c2903706863e12382532047c83471,Copyright infringement issues AI model transparency
6806f23271928c5517bd3eb52537c4ae,Generative AI AI voice assistants
90b1d75b637a6a92850f728e5b532928,AI governance disputes nonprofit to for-profit restructuring competitive tension in AI
3c5d14b7089c0cd22a5e06618ca0ffc5,AI Model Development
3c5d14b7089c0cd22a5e06618ca0ffc5,Geopolitical AI Race
55f4d3299a8ff3e80780a881,Generative AI Large Language Models AI Infrastructure Investment
6a9b7c2d3e4f5a1b8c9d,Humanoid Robotics
6a9b7c2d3e4f5a1b8c9d,AI-Powered Automation
6a9b7c2d3e4f5a1b8c9d,Robotics as a Service
63d9b8794859d893f09f1c3f28c36583,AI Agents Automation AI-driven Web Crawling
3591f347456a38c38e4d32d268ca91a7,AI community AI events AI knowledge sharing
3f779c32973d98046f8a258a574257bc,GenerativeAI
3f779c32973d98046f8a258a574257bc,TechAcquisitions
47b6cd247100e32068924d842944b50e,AIPowered Customer Service AI Agents AI integration
5400553163e1c4019c101e03ef6e62f6,AI Deregulation
5400553163e1c4019c101e03ef6e62f6,AI policy
4f98a3b9f2a171709f86fd5873225002,AI Security AI adoption in government
240f275a7ca4b58e2e1563153689985b345c4d06,AI Chatbots AI Personalization User Privacy
5f7a9b2c1d5e4f8a76b3a9c2,Customizable chips Data center server technology
2d546e8b,AI censorship
2d546e8b,viewpoint diversity
e7472c19a584e98a13b9549711c864b3,Mergers and Acquisitions in AI
61cae67f420837df0c015518e1124a89,Generative AI Integration
61cae67f420837df0c015518e1124a89,Budget Smartphones
61cae67f420837df0c015518e1124a89,Face ID authentication
3489302498,ReasoningModels AIFastResponses DeepReasoning
a8644191e0e8986946e569d134e39127,Generative AI AI-driven marketing platforms Personalized marketing content
b8315868c164134057869e24f63d51f8,Generative AI
b8315868c164134057869e24f63d51f8,AI-Powered Mobile Devices
b8315868c164134057869e24f63d51f8,Localization of AI Services
e58c848f097f4d2e82c2a147b4462160,AI Copyright Litigation AI Licensing
87f3aa49f346c65e157a569c17d880e5,Generative AI Video Generation AI watermarking AI content labeling
f7e5b8a2c9b7d6e4a1d8c2f0b3a98765,Edge AI Analog Computing AI Hardware Acceleration
6a9b0c1d2e3f4a5b6c7d8e9f0a1b2c3d,Demand response programs AI growth Flexible data center operations
d41d8cd98f00b204e9800998ecf8427e,Embodied AI AI-Robot Partnerships Robotics in Manufacturing Age Tech Robotics
f94005e487196228e320a0c8e96c3c59,AI Governance Antitrust Legal Challenges Corporate Restructuring
31e569e662f7c9e85e284a1a969281f5,AI in Healthcare
31e569e662f7c9e85e284a1a969281f5,Digital Health Marketplaces
31e569e662f7c9e85e284a1a969281f5,B2C2B strategies
d41d8cd98f00b204e9800998ecf8427e,Generative AI Programmable Biology AI-driven drug discovery
e5b727f02a7759dd288738e050d0e11b,AI-powered search AI-driven content summarization
4a388462b8787946344a8522263c2e0a,AI Ethics Responsible AI Open AI
3641bc8e062b08788f14f51794d14740,AI-powered surveillance
3641bc8e062b08788f14f51794d14740,Computer vision
3641bc8e062b08788f14f51794d14740,Public safety technology
6d6ffef43435f4629647a8d35c784202,Digital regulation focus on anticompetitive tech practices Government policy influence
49f1ecf0e2f307f7e578a3451c9dd503,Founder-focused events Scaling startups Series A funding
88213a76102932e7557a9d25c831bc00,Deep Tech investment Brain drain
a3f7b2c9d4e15a8b60c347e9f1b20da1,Venture capital investments Globalization of startup ecosystems
,AI impact on job market Startup liquidity
5242055763682529995,AI Adoption Automation Cost Cutting Workforce Restructuring
6d46f81cf4a5f175642c447c4e338737,AI Robotics Industrial automation Humanoid robots
a8b2c3d4e5f6g7h8i9j0k1l2m3n4o5p6,Decarbonization focus Hardware startups focus Corporate venture capital
f75f2d9e8f9117221b89d9a342b782d6,AI funding focus on profitability Real-world applications of AI
76b6b1a19b5d74925b35f613d770f4c6,Climate Tech Investment Mobilizing Private Capital
7f7f1e7a7c7a4e3e4e3e4e3e4e3e4e3e,AI Model Development Export Controls
4695c0a5f94b0276c67596e1f7b7a56f,financial governance
e5b74929,Startup competitions early-stage funding
4012a5a27b2054b99e865a99a086f7f6,Startup events Venture capital networking
b873a20974314b4357b1198d18534c8857d9b964,StartupEcosystemVentureCapital
827ccb0eea8a706c4c34a16891f84e7b,Defense Tech Investments
827ccb0eea8a706c4c34a16891f84e7b,Sovereign VC Funding
827ccb0eea8a706c4c34a16891f84e7b,Co-creation investment model
827ccb0eea8a706c4c34a16891f84e7b,Public fundraising campaigns
2d5b5d5d5a5d5d5d5d5d5d5d5d5d5d5d5d5d5d5d,Generative AI Autonomous vehicles Agentic AI
4a932d20f61d2e6733877c71b6e64869,AIRegulation AIInnovation AIWhistleblowerProtections
a63332f2a357b8cf898245a823a55a0f,AI EventsIndustry CollaborationNetworking
a1b2c3d4e5f6g7h8i9j0,AI-generated content Warm introductions Volume based investing Rapid growth
398c17e4ef7a3a97d6b0674797aa8c2b,Remote work Rise of alternative startup hubs talent migration
6a9b2d3c1e4f5a6b7c8d9e0f1a2b3c4d,Decentralized Web Privacy-Focused Search AI Integration in Existing Products Consumer Shift Away from Big Tech
9578f2a789486e6c72143b5e96f3d8c312f59784,AI-driven content moderation News aggregation AI-enhanced online discourse
3a6c66e579d885a3621e799db7dfb522,Investment in African startups expansion to Francophone regions fintech dominance
a2f4e8b7d1c90a3b5e67f8a1b3d2c479,Early-stage investing Focus on AI and crypto High cash distribution
171b18b907108764771f12c82e76e8d7,GenderDiversityAcademiaEntrepreneurship
988258e28a69245d3aba15c7770f9b40,Venture Capital Diversification
988258e28a69245d3aba15c7770f9b40,Alternative Investments
988258e28a69245d3aba15c7770f9b40,IPO Contemplation
5b3cf73e38b22e62d8cf50c5e6a62a28,Generative AI Responsible AI AI Safety AI Investment
2558206c279d5a303dd76d770685157f,AI Models Startup Ecosystem Interactive AI
367c6a9a83271d2a5d97c641f172d5c9,Venture capital growth diversification into finance and healthcare
b205c6f2c3f81c8d9a9a2a017a8f03c4,Startup scaling expertise community building
817a2c7429d220b82c923f2c4d2f5514,Startup competitionsNetworking events
8a9a2c1c8c3d5b4a9e5d2f7a1b6c5e4d,Generative AI
8a9a2c1c8c3d5b4a9e5d2f7a1b6c5e4d,Multimodal foundation models
8a9a2c1c8c3d5b4a9e5d2f7a1b6c5e4d,AI Investment
4b93426f08693972714ef77418c0e56a,AI adoption startup ecosystem founder-focused events
1a93b3851b2256d76660a198390d7a2c,Increased use of SPVs in AI investments
64bcfd4f6102a9092c622e3d678b0b6f,Financial Inclusion Embedded Fintech AI
6090877e7b9f0d569f04062a59532b8b,Entrepreneurship Innovation
a16zhiresformerrepublicancongressmanpatrickmchenryasadvisor,Government regulation of crypto
a16zhiresformerrepublicancongressmanpatrickmchenryasadvisor,Venture capital investment in government tech
4189b76c,Digital health platforms Virtual healthcare AI in healthcare Remote patient monitoring Hybrid care models
a97e148b2d4704a19b02096b289423e493b39f0,AI-driven investing Alternative funding mechanisms
97963356736034285711191597315829077769,Generative AI AI-Powered Video Intelligence
20250226-8240,AI Innovations
20250226-8240,Startup Competitions
20250226-8240,Tech Events
67c6d2b9551ef955b80b9226a79231bb,AI investment Generative AI expansion
e5d06080683f5485121b475c186d49d43023a311,European Digitization North American investment firmsretreat
62c9b0d33d1771cf26b14473c650d7b9,VentureCapital Investment in AI
64ef098128d89b777c667806b4d8183c,Early-stage startup funding
64ef098128d89b777c667806b4d8183c,Pitch competitions
711e958393fbb62c712a186e74f5134e,Growth funding for deep tech companies Regional tech ecosystem development
a1b2c3d4e5f6g7h8i9j0k1l2m3n4o5p6,Legal AI Funding rounds for AI startups Autonomous systems
a1b2c3d4e5f6,Embeddedfinance crossborderpayments AIintegration
a1b2c3d4e5f6g7h8i9j0k1l2m3n4o5p6,AI ecosystem growth AI expertise sharing AI networking
4b9b66506824d25f181037bb2d3e988b,AI adoption Startup ecosystem Investor networking
e5b7a8c1f9a2b3d4c6e8f0a1b2c3d4e5,StartupEcosystem
e5b7a8c1f9a2b3d4c6e8f0a1b2c3d4e5,VCInvestment
83cf3f59979c6d530a2a5e6c35ef6c279e0a6e07,Early stage investment Focus on ideation Founder-centric funding
5b300106a8757e3253422b898568e228,Diversity Inclusion Venture Capital
4a7d0e4f1a163e191091e1c928d1e420,Women's health investment wealth transfer
83b2b26e03b5434a7b801b346942f54a,Creator economy Venture capital investment
603393,Early-stage biotech investment
39668d8a7959354a3f326811649ca9ed,Creator Economy Robotics
d41d8cd98f00b204e9800998ecf8427e,Institutionalization of VC Long-term investment strategies
827ccb0eea708c1934a058b1c63c8b0273c34c65,Startup scaling
827ccb0eea708c1934a058b1c63c8b0273c34c65,Expert knowledge sharing
827ccb0eea708c1934a058b1c63c8b0273c34c65,Industry networking
2f7e5b372f0c6a4e771551d97b3c98c3,AICollaboration AIEducation
35e00e4c73333f584431772216ef5d82,DEI investing Data-driven VC
c84c2f332f0a25d8a55f5733ddc32e48,Alternative app marketplaces Increased app ecosystem competition DMA compliance
9c2a4f6c3b1a8e5e7d2f0a3b8c4d7e9a,Creator Economy Short-form Video Monetization Platform Competition
d457935c23c35988a121ef348d816089,AI Personalization AI Assistants Contextual AI
9d2c4b71,Cross-PlatformGaming MobileGaming PCGaming
28b12b936c44a19c327f01352a9a58f0,Cloud partnerships data localization
e578c94690271c3e5ca139615a23080c,Alternative app marketplaces Regulatory compliance Mobile gaming
60e2a1a7b0c372463329328e871c7199,Creator Economy Short-form Video Monetization
4604b592850e9b33f0d87bb6d47d3a0d,AI Personalization AI Chatbots Large Language Models Contextual AI
63728492749283764829,Cross-platform gaming mobile game optimization PC gaming on mobile
39e9ea47169a595c3a59a3e8570816aa,AI Innovation AI Technologies AI Strategy
2123456789abcdef0123456789abcdef01234567,Audiobook growth AI voice technology Indie author empowerment
9070e0f251f980f916b8e472110e624a,Alternative app stores DMA compliance Social gaming
87b92b827c89e6324d0a6e904e1c9759,AI Copilots
87b92b827c89e6324d0a6e904e1c9759,Productivity platforms convergence
87b92b827c89e6324d0a6e904e1c9759,AI-powered scheduling
57f33d75d8911a5094170994b0e75f5d,Combating Misinformation Crowdsourced Fact-Checking Intellectual Freedom
4372905,Cryptocurrency adoption Integration of crypto wallets in messaging platforms
a52a20286873a06f279b73711fc17370,Localization of App Stores Digital India Initiative Alternative App Marketplaces
a768c14b2538d3dd8801714f3d128661,Generative AI Personalized AR Social media integration In-house AI models
a1b2c3d4e5f6g7h8i9j0,Fair compensation Increased royalty transparency Multi-language music accessibility
66cf7301833345c2368c63973b538557,Open-source technology User-centric design Algorithmic transparency
a1b2c3d4e5f6g7h8i9j0,AI Agents
a1b2c3d4e5f6g7h8i9j0,Automation
a1b2c3d4e5f6g7h8i9j0,AI-Powered Search
668f1e96b8115416e245000f0252eb83,Digital Wellbeing Parental Controls
b891a9b47521cd7a5a96203e22a1b46d,Short-form video Decentralized social networks Enhanced moderation tools
2e86a6946458a98281f859611c17e65a,Decentralized social mediaAI content filteringPersonalized content curation
a7a174208848f4d0173f39f9281087f4,Data Sovereignty Regulatory Scrutiny
e5a8e3d1619049ca9d0a67f604199302,Social media acquisitions AI integration
e4b7c3f2d1a8e9b0b7a3b2c5f4d9e8a1,StartupEcosystemVentureCapitalBrandVisibility
1a0c886a00e2243e40b38f8628388113840459c9,Agentic AI
1a0c886a00e2243e40b38f8628388113840459c9,Human-machine collaboration
1a0c886a00e2243e40b38f8628388113840459c9,AI assistants
63ca7e21b198a9cb922c8995d33fa21c,Digital Detox
63ca7e21b198a9cb922c8995d33fa21c,Mental Wellness Apps
63ca7e21b198a9cb922c8995d33fa21c,Screen Time Management
6c7ca23233543a8972a11820e9e75b03,CommunityPlatforms AIIntegration
4f93890d85213f24b5d4ed680a2081a4,MicrobloggingSocial media integrationFediverse interoperability
27a30ca48dd2176b2388045358a85883,Personalized experiences Decentralized social networks Algorithmic transparency
20250307-174639,AI Integration Conversational AI Productivity Enhancement
2f717a6b696d1a116c99529a5c97a7a3,Subscription Models
2f717a6b696d1a116c99529a5c97a7a3,Ad-Free Experiences
8e4830709269147c730198e1f778831a,Alternative App Stores DMA Compliance App Store Competition Mobile Gaming Subscriptions Open Source Solutions
f02a9c415fe611e490e7f97616a72b47,Creator Economy
f02a9c415fe611e490e7f97616a72b47,Short-form video monetization
f02a9c415fe611e490e7f97616a72b47,Platform competition for content creators
6198b9a505b435f75657b53c1e83f360,Personalized AI Context-Aware Computing Integration of AI with User Data Experimental AI Models
a74702484b058cf697942c890170dddd,Cross-platform gaming Mobile game optimization PC game accessibility Enhanced game performance Multi-account support for games
a6b0f8e3a7b2c1d4e9f6a5c8b7d0e2f1,AI-driven content moderation personalized user experience enhanced community engagement
a906702392196338d7cf2b4e989e2667,Generative AI AI-powered summaries
2cf24dba5fb0a30e26e83b2ac5b9e29e1b161e5c1fa7425e73043362938b9824,AI-powered search contextual understanding multimodal queries
b8a44a53869ff9a7097878d1a9c809b6993f50b4,Digital regulation antitrust enforcement platform accountability
a1b2c3d4e5f6g7h8i9j0,AI-Driven Social Connections
a1b2c3d4e5f6g7h8i9j0,AI-Powered Personalization
a7f8b9c2d3e4a5b6c7d8e9f0a1b2c3d4,AI-powered features Live location sharing Multimodal AI experiences On-device AI processing
42c8c55e2624b3a79a3860284ff8a6c2,Mobile payments Shared economy Virtual cards
3701634472,AI Integration Mobile AI Multimodal AI
38a5e67a8f07f4567bca03a0a1a5c34b,App Widgets Increased app engagement Mobile app customization
65f820401537347c67766d58,Decentralized social media
65f820401537347c67766d58,Blockchain integration
65f820401537347c67766d58,User data control
e5508d7681f8b5246749023bb4f8395b,AI Agents Browser Integration Native AI Processing Task Automation
e02f7bd780d785a5c5961f89456f44d8,Teen safety features
e02f7bd780d785a5c5961f89456f44d8,Ride-sharing expansion
83a46d37b93d254182914711a4738f4e,Data privacy awareness distrust of Big Tech demand for secure communication
68e358887c2c3429a9605ffb485ffb36,Generative AI
68e358887c2c3429a9605ffb485ffb36,Conversational AI
68e358887c2c3429a9605ffb485ffb36,AI Assistants
f34a58f7305f6f93878d48487c18398758d4f866,UX redesign Personalization Clutter reduction
5b36e848777f96584b29,Private Security Apps Artificial social media marketing Fearmongering
66a3a0d34833994f5d782404465b0a27,AI-powered analytics Data visualization Automation Business intelligence
1b698a6c953a10b6f677489e37f6918f,Decentralized social networks Customizable content feeds
1b91dfb5044f90d21e659c1c21c480b2,AI visionaries AI startups
424e6f4d7395ffdd99f212e37d4f29e2,Startup competitions
424e6f4d7395ffdd99f212e37d4f29e2,Tech events
424e6f4d7395ffdd99f212e37d4f29e2,Networking
6107e48a990089912c8a6699,Generative AI multimodal foundation models interactive AI
a2d4b6c8e1f0a3b7c9d8e7f6a5b4c3d2,Cloud communication platform consolidation integration of consumer and business applications
61cae393557f87a9d7c64d5c2d9c8939,Generative AI AI-first Startup Ecosystems
a1b2c3d4e5f6g7h8i9j0,Generative AI AI Chatbots Open Source AI Models AI Ecosystems
123e4567-e89b-12d3-a456-426614174000,Data security emphasis Insider threat mitigation
23c6735f1b467b7524ff70168c21635e,Content creator empowerment Democratized monetization
a9c48d2a77e955b26d8c1c11b9944e60,AI innovation networking
8c9a8b3b3e08e14f775049396a24b8f4,Child online safety Parental controls Age verification systems
6b86b273ff34fce19d6b804eff5a3f5747ada4eaa22f1d49c01e52ddb7875b4b,ContentModeration AIGovernance
638b4ecf3a89846c3638638b,Long-form video contentCross-platform experiencesGaming livestreamingPersonalized content curation
71a0a8e76d74e3b753a3e7b0271c75c6,Alternative app marketplaces Increased app ecosystem competition Open source solutions App curation models
e0b8e8e2b4d3a5f6c7a8b9d0e1f2c3d4,Creator Economy Short-form video monetization platform competition
398c7f76d41f54a734a31d2566898435,AI Personalization AI Copilots Context-Aware Computing
4a5e4b3c2d1a0f9876543210abcdef,Cross-platform gaming mobile emulationPC gaming graphics enhancements
827ccb0eea8a706c4c34a16891f84e7b,AI in E-commerce Improved user experience Fast shipping
a87ff76d8f84909d64b0f38d9c28d542,Startup competitions early-stage investment networking opportunities
6e8b4a98d9c6123a,Short-form video creator monetization app unbundling
d41d8cd98f00b204e9800998ecf8427e,Generative AI Multimodal AI AI Integration into Existing Platforms AI-Powered Productivity Tools
a1b2c3d4e5f6g7h8i9j0k1l2m3n4o5p6,Data privacy Self-hosting Open source alternatives Decentralization
a1b2c3d4e5f6g7h8i9j0,Inclusivity in dating apps Personalized dating experiences
13af46b3618a98f804743bd71b176cc5c1557440,AI-powered virtual assistants personalized learning voice-based interaction
623a91a52f81d4f6a60bb8295773a438,Data privacy tools User empowerment Personal data control
661468f2913122e981e71b15e1955503,Generative AI AI Investment Multimodal foundation models AI-powered video intelligence
e00429dd639bb121a6150e8f958a651e,Generative AI AI applications Industry networking
a98a15f1f707a28f895937f84c415c56,Generative AI Personalized Shopping AI Powered E-commerce
99a9f8d4e7c8a1b9c7b6a4e3f2a1d5c8,AI-narrated audiobooks
99a9f8d4e7c8a1b9c7b6a4e3f2a1d5c8,Democratization of content creation
99a9f8d4e7c8a1b9c7b6a4e3f2a1d5c8,AI-driven publishing platforms
2818b6182258a40192c7c491656a1e05,Generative AI AI reasoning model API access
34e2d9d71e4632b1b38f171c263d7304,AI Chatbots
34e2d9d71e4632b1b38f171c263d7304,Generative AI
34e2d9d71e4632b1b38f171c263d7304,Enterprise AI Solutions
34e2d9d71e4632b1b38f171c263d7304,Personalized AI
a88911547fd50f04e1d397c26885946a,Design automation mobile app development
641f6d0e38706863607f1e7e9f9b3e8c,Low-code AI development Democratized AI app creation AI-powered user interfaces AI model integration
c4ca4238a0b923820dcc509a6f75849b,Browser Integrations Social Media Access Clutter Reduction User Customization
f716516f2b69e4a6a9714587642d9a89,Generative AI low-code/no-code development AI-driven software engineering
2930482,Personalized advertising Enhanced user experience
2930482,Automated ad management
e55a6a28,AI integration mobile platform expansion localization
63cd59c75a39a0b7d34f4c39e70f8d20,Fair labor practices
63cd59c75a39a0b7d34f4c39e70f8d20,Wage transparency
d41d8cd98f00b204e9800998ecf8427e,Mobile editing Generative AI Cross-platform integration
e9d717494d15f3d53d8e95f099728995,Interoperability regulatory compliance antitrust enforcement
6a58a02600d8f7f5415db61b24a03b76,Cross-platform messaging Enhanced privacy
a1b2c3d4e5f6g7h8i9j0,Social Media Platforms
644b6d91033f15e4a84c3e7049598e15,Music streaming Event integration Direct ticket sales
,AI-powered transcription
,Enhanced video accessibility
,Integrated cloud services
a25c91b26b33f1b07f2a46b736371e28,AI Chatbots User growth Mobile app adoption
54499331121b9f370001430db776e839,AI-powered search
54499331121b9f370001430db776e839,AI-powered assistant
54499331121b9f370001430db776e839,AI APIs
d41d8cd98f00b204e9800998ecf8427e,Alternative App Marketplaces
d41d8cd98f00b204e9800998ecf8427e,DMA Compliance
d41d8cd98f00b204e9800998ecf8427e,Subscription-based App Services
6c05851f8c671c40e158b2891e18f855,Creator monetization short-form video competition for creators
89bd1f97e7c6f57f69c60d8163e0d542,Personalized AI Generative AI AI Agents Enhanced AI Research Contextual AI
1789ff182304144e118f39791847fd67,Mobile gaming PC gaming cross-platform gaming improved game visuals
3c9a57e93b154a438d72d41c413477f4,Creator Economy Short-form Video E-commerce Virtual Gifts
a1b2c3d4e5f6,Gen Z social appsPrivate social networksUnfiltered content
62584f4a9b6d7c3e1a29,AI Personalization
62584f4a9b6d7c3e1a29,Intelligent Assistants
62584f4a9b6d7c3e1a29,Contextual Awareness
a9b7c6d5e4f3a2b1c0d9e8a7b6c5d4e3,Subscription services content aggregation mobile-first food discovery
9a4a872e3d1b93983a68c69968f43985,Generative AI XR integration AI-powered personal assistants
1a9f2d3e4b5c6a7b8d9e0f1a2b3c4d5e,AI ecosystem expansion AI expertise sharing Startup-investor collaboration
2d88c97231f7c6f43e59d008a93dd4a9,AI insightsExpert networkingStartup competitions
c6c9b7f9d55756a0c8815cf99520f3f7,Subscription services targeted content podcast growth
6c81deda572c0319702f1e4352091663,Decentralized moderation User-generated content Contextual fact-checking
5feceb66ffc86f38d952786c6d696c79c2dbc239dd2240a38d7e5d8a65d2d19b,Collaboration tools consolidation cloud based communication
7853164182,Creator monetization Influencer marketing Paid endorsements Transparency in advertising
3a514d6125450577723fd40d3f609d24,AI voice technology
3a514d6125450577723fd40d3f609d24,AI content generation
3a514d6125450577723fd40d3f609d24,Multilingual content
19727e7f249427b5809419e889c44244,Creator Economy Video Monetization Algorithmic Independence
614ca003676c035c667d5ac97c247355,Content Curation Live Streaming User Engagement
28697018214605393071097136880387069663,App store consolidation
28697018214605393071097136880387069663,Focus on proprietary platforms
a93665a5929907c9c55576934a10e059,Subscription models Gig economy Localized business models
9b7c3a2e1f9d5b3c8a2b1e5d4a7f609e,AI assistants standalone AI applications
5e72a8f56b4a99c7a23cf157b81e713b,AI-Powered Search Visual Search AI Overviews Mobile Search
7178c179b7086f597c51db50f1d0656e,Enhanced Messaging Features Social Media Integration
827e1e8931bb153263b7d8ca04c7f489,Valuation adjustments fundraising potential influence of political events on business
827ccb0eea8a706c4c34a16891f84e7b,Focus on user safety in dating apps
827ccb0eea8a706c4c34a16891f84e7b,Refocusing on core business
e4ca4294a051cf007a8c5e936d633f5f,Generative AI AI-powered email tools Automation of email workflows
651066d1a251f81c41a44785b7846b6a,AI-powered personalization Data-driven parenting Increased demand for science-backed parenting advice Rise of family management apps
a608624d7a052b3b732c8a8877123765,Bypassing App Store Fees
a608624d7a052b3b732c8a8877123765,External Link Entitlement
a608624d7a052b3b732c8a8877123765,Digital Content Sales
a1b2c3d4e5f6,Gamification of learning interactive marketing
b1a02af8397e100a3cf4b59c886090b87063143c,Data privacy regulations Digital compliance tools
ec46a64ff9242382e1422b81933c7847,Short-form video content cloud storage video archiving
495d384544b71db64559a82b877af49c,Social Commerce AI shopping assistants social media integration
8e6b7a3c9d2f1e4a5b3c8d7e2a1b0a9c,AI-Powered Tools
8e6b7a3c9d2f1e4a5b3c8d7e2a1b0a9c,Automated Translation
8e6b7a3c9d2f1e4a5b3c8d7e2a1b0a9c,LLMs
e7ebec872472c04490bd6c41047d0c4e,AI-powered research
e7ebec872472c04490bd6c41047d0c4e,Maximally truth-seeking AI
e7ebec872472c04490bd6c41047d0c4e,Reasoning models
e717107c30c875b7279d401f41c75f8d,Alternative App Marketplaces
e717107c30c875b7279d401f41c75f8d,DMA Compliance
e717107c30c875b7279d401f41c75f8d,App Store Competition
47b258c1b4a0c6c4f65619f55a10a9c8,Creator economy
47b258c1b4a0c6c4f65619f55a10a9c8,Content monetization
47b258c1b4a0c6c4f65619f55a10a9c8,Platform competition
2f8b46a5b3c4d7e0f9a2c1b3d6e7f8a9,AI Personalization
2f8b46a5b3c4d7e0f9a2c1b3d6e7f8a9,Context-Aware AI
2f8b46a5b3c4d7e0f9a2c1b3d6e7f8a9,Agentic AI
2f8b46a5b3c4d7e0f9a2c1b3d6e7f8a9,Customizable AI chatbots
c0971a80b35640e9831e6a2a9a7f669c,Cross-platform gaming
c0971a80b35640e9831e6a2a9a7f669c,Mobile game optimization
c0971a80b35640e9831e6a2a9a7f669c,PC gaming accessibility
2334b25272364a81b8b317deff31f839,Cloud Storage Privacy-focused services Community photo platforms
3a379e1c6e39f3171c4df1378a91b4e9,Exclusive partnerships Gig economy growth
62555447726242986312085222704728243907,Decentralized social media User control features Platform standardization Cross-platform functionality
e86d40c36167236c562a8151f774f325,User feedback integrationcomment quality control
4d9a8f0a5e6b3c1a7b2f8e4c6d3a2b1,AI Personalization Content Moderation
12345abc,AI-powered features Personalized content discovery
d41d8cd98f00b204e9800998ecf8427e,Political influence on social media platforms
27b408c32a300576125093903a9068e0,AI-powered search AI-driven content summarization
a1b2c3d4e5f6g7h8i9j0,Voice cloning AI assistants Open-source AI models
c6b5f2a3d4e769b15a82cd98c3339321,Video surveillance
c6b5f2a3d4e769b15a82cd98c3339321,Computer vision
c6b5f2a3d4e769b15a82cd98c3339321,Public safety technology
e98c9b5d8e878e31792b6a7f0a3e8691,Digital Detox Minimalism Focus on mental health
a1b2c3d4e5f6g7h8i9j0k1l2m3n4o5p6,Generative AI AI Agents AI-assisted Coding Autonomous Systems
f7c9a41674737a7b67e8f1a739a49b1c,Founder-focused events
f7c9a41674737a7b67e8f1a739a49b1c,Investor-founder networking
f7c9a41674737a7b67e8f1a739a49b1c,Scaling startups
454e0914f8f98959cc64b310f22a6697,AI events AI networking
81c3ae82ca66f0a82a5a26267e4e308e,Embedded Analytics Self-Service Analytics Cloud Data Warehouses
2c4d8f7a9e3b5c298a7b6d1e0f2a3b4c,Licensed data AI training Specialized APIs Enterprise AI adoption
61767d975042ea649933800f027717e3,AI security concerns Increased government regulation Algorithmic secrets defense
66247307,AI-powered apps Content marketing Mealtime super apps
a975cf0299b75913d08163edb10ef9aa,Political investing
a975cf0299b75913d08163edb10ef9aa,alternative social media platforms
89b2a980b86b3624307a70c8f27f248c,Cost cutting Efficiency drives AI and automation impact
d41d8cd98f00b204e9800998ecf8427e,AI-generated content AI in scientific research AI research tools
6607a6155c7b3642f62981c6,Open Source Solutions AI-powered Search Enterprise AI Adoption
2f994d8995306095058e4d2345c1631e,Early-stage investment European tech ecosystem Supporting young founders
614c9747-05b0-442f-9089-c3357e7d8bf1,Supply chain resilience
66b6a,Subscription models healthy and organic products automated warehouses e-commerce growth
b94523f01e80d03c92a34ff3f912705a,AIGaming EntertainmentConvergence TrueCrimeEntertainment
27a9d28b7241c8259b7892e77c3e522e,Geopolitical diversification of supply chains Digital marketplaces for industrial materials
1b8993d9738e5c8127955e7803475b14a08b22d2,AI-powered workflowsVertical integrationDepartment-focused AI solutions
17ef6c8d741543d2c2a686e7908026a1,Super Apps
17ef6c8d741543d2c2a686e7908026a1,Fintech Integration
17ef6c8d741543d2c2a686e7908026a1,One-Click Checkout
4052e851f6d5b0137995a352078b2f96,AI adoption AI-driven business solutions personalized AI assistance
1c50d39195e5329b9f5b048a1162e9a0,AI-powered financial services
1c50d39195e5329b9f5b048a1162e9a0,Real-time data analytics
1c50d39195e5329b9f5b048a1162e9a0,Frictionless onboarding
2d9430538cf5702fd3f4b42f1c1f701e,Decarbonization Hardware Startups Circular Economy
e64b98a1d54c3a5c3e2f3b9026789abc,AI investment focus on profitability AI adoption
4f933479a89322678b280c44c125667e,Fusion Power
4f933479a89322678b280c44c125667e,Magnetized Target Fusion
4f933479a89322678b280c44c125667e,Compact Fusion Reactors
5a4d8e9c6e2b3a1f4a2b1c8a,Global mobility Financial inclusion Expat banking
6c8d2e9f1a1b4c5d8e9f0a1b2c3d4e5f,Passwordless Authentication
6c8d2e9f1a1b4c5d8e9f0a1b2c3d4e5f,Passkey Adoption
6c8d2e9f1a1b4c5d8e9f0a1b2c3d4e5f,Digital Identity Management
649a8807d91d809351204c8821f73f32,Decarbonization of built environment
649a8807d91d809351204c8821f73f32,Energy efficiency
649a8807d91d809351204c8821f73f32,Integrated energy solutions
493d0858509f5156f59f01c20f537731,Vertical SaaS platforms
65cfc2e1a819b52b6814a83b,AI-powered diagnosticsPreventive healthcareAI copilots for radiologists
602e61a0e004e41c3b9619a347618bb1,Predictive Maintenance Industrial IoT AI-powered automation
5e491e817246b15675384d42e5e1e8b1c4c554f2,Space exploration
5e491e817246b15675384d42e5e1e8b1c4c554f2,3D printing in manufacturing
5e491e817246b15675384d42e5e1e8b1c4c554f2,AI-driven automation
e59c819f090102f139f580a417a85800,Decentralized web Data ownership Privacy-focused platforms
16a56105f3d08702f993ea6b52629f994188645f,Early-stage startup funding Pitch competitions Global startup exposure
a7a027157264b96692b0e169e884b50e,AI community events expert networking
6f206b63253450a99e3896a13202511b,AI Innovation AI networking AI event
7f855ef229348e5c0f32703302ca3758,Startup ecosystems Venture capital engagement
d41d8cd98f00b204e9800998ecf8427e,StartupEcosystem BrandVisibility TechConferences
77b54a0e9d7e681a1a68459c5b1e7a39,Synthetic Biology
77b54a0e9d7e681a1a68459c5b1e7a39,De-extinction
77b54a0e9d7e681a1a68459c5b1e7a39,Re-wilding
77b54a0e9d7e681a1a68459c5b1e7a39,Carbon Sequestration
86d939356580466776852c21a4c942a6,Generative AI
86d939356580466776852c21a4c942a6,AI-powered automation
86d939356580466776852c21a4c942a6,Brand safety
66a954c891e6b6302041a954b2c3607f,Venture Capital Investment in AI Generative AI
6c1925c34777752395f81a1556d292e9,AI Coding Tools
6c1925c34777752395f81a1556d292e9,AI powered development
6c1925c34777752395f81a1556d292e9,LLMs for coding
787a99418041915b3e658b5d1ceec5e2,Generative AI AI applications Autonomous Vehicles
978a4f999b8183c14b5b529e27c8441f,Community platforms
978a4f999b8183c14b5b529e27c8441f,AI integration
a6495361815b5117766db753218b68b4,AI investment focus DEI rollback
b6f01,AI community building Industry-focused AI events
a30a012c3a501db1a07f471f21e8a6a7,AI-driven solutions for various industries Increased investment in defense tech Focus on helping businesses navigate market volatility User-centric approaches over growth at all costs
e85626933c0a19d4051a504b10a001302f9044bb,AI safety regulation whistleblower protections
c6a5f4b6541f3d3a5b0a1b2a3c4e5f678901234,AI events
c6a5f4b6541f3d3a5b0a1b2a3c4e5f678901234,AI innovation
c6a5f4b6541f3d3a5b0a1b2a3c4e5f678901234,Industry collaboration
38a0a0a52ef5294924c7c0754a1e1c48b6510b0a,AIdrivendesign AIinmanufacturing Automation
e7a5f4c2,Gig economy AI workforce
2f7cb34e8159357ee76152418f83d99f,Autonomy
2f7cb34e8159357ee76152418f83d99f,AI-powered military systems
2cf24dba5fb0a30e26e83b2ac5b9e29e1b161e5c1fa7425e73043362938b9824,Open-source AI AI democratization Strategic partnerships B2B AI services
469c0f62d88615a75b84e2f3a85c8239,Generative AI No-code tools 3D asset creation
841a192088503e3e5c08068e583b9f21,Generative AI
841a192088503e3e5c08068e583b9f21,AI Model Development
841a192088503e3e5c08068e583b9f21,AI for Enterprise
34c5b98b3b15b88c93022b0748353d1b,Generative AI Remote work LLM reasoning capabilities
2c0d303b8d7f622efd345a8a8c12f41c,Counter-drone technology Rise of European defense tech Drone swarming AI-powered defense systems
827ccb0eea8a706c4c34a16891f84e7b,Generative AI IPO SaaS
78c8dd51,AI in Cancer Care Personalized Medicine Frontier AI
64b035270894e91678532f1e84862288,E-commerce Retail Fintech
e5b9f53c4393c7a00a501b64e2461e0c,LLMs AI Model Scaling Efficient AI Training
63e37f513d12a0363c6e25440e36217c,Remote work Rise of alternative startup hubs AI boom
d46480181c13281989741436f3b34c2d,Decentralized web Privacy-focused search AI integration User-centric design
668a59a392b54378107a72efb11cdb86,AI Innovation AI expertise AI tools
6a193f97917545f892d35e725731f0f4,Generative AI Biorecycling Circular Economy Synthetic Biology
b4011a8f83831c114181b3163d4d2836,Counter-drone technology
b4011a8f83831c114181b3163d4d2836,Electromagnetic warfare
b4011a8f83831c114181b3163d4d2836,Defense robotics
f49b0e9d9833379a75f8b324519169e3,Increased female representation in DeepTech Democratization of venture capital
86f2c950b6a1a474e009572141dd62c2,AI Agents Generative AI Cloud Services
a9488f75f6b17ca92d33463c79c39804,Defense Tech Investment Decentralized Production Vertical Takeoff UAVs
f1a2b3c4d5e6f7a8b9c0d1e2f3a4b5c6,Quantum Computing Error Correction Quantum Hardware Acceleration
a5b8d2e7f9c3a1b624d5e8a0b7c9d6f1,Renewable Energy Storage Grid Capacity Optimization
615b02c799a8a945a1f073bf75b0d90f,Generative AI
615b02c799a8a945a1f073bf75b0d90f,AI adoption
615b02c799a8a945a1f073bf75b0d90f,Fintech growth
6f2c2a3d1b4e8c7a9f6d5e3c2b1a0987,AI copilots international expansion AI model simplification
b0b6954d07d999999d7e1c8433c1d6a165f470d160004e8b98568d1ffcc815e2,AI AdoptionCorporate Spend ManagementFintech Growth
f77180d39c9636a68244167d7999bc3c,Engineering Analytics
f77180d39c9636a68244167d7999bc3c,B2B SaaS
f77180d39c9636a68244167d7999bc3c,Team Productivity
e5136f325405010fc660b53f987752f719c1f264,Software Supply Chain Security AI applications
6a362d82208a88447736340f84d50781,AI-powered creative tools AI integration for professionals Collaborative design Real-time AI applications
7772ffb86485b55f4b13d6cf4e6aa115,Gamification Connected fitness Home workouts
814a7533a7775803c2f7efaa282e6d5a,Generative AI
814a7533a7775803c2f7efaa282e6d5a,AI Safety
814a7533a7775803c2f7efaa282e6d5a,Foundation Models
a450945c1f2a3429d775329e97b18924,AI Profitability AI Model Performance
6490a0018661f35c0709f9cfc00e7171,Generative AI Interactive AI models
6f956b14-915b-479b-a8a7-d0c41e9928f0,Generative AI
6f956b14-915b-479b-a8a7-d0c41e9928f0,AI-powered tools
6f956b14-915b-479b-a8a7-d0c41e9928f0,AI in Healthcare
6f956b14-915b-479b-a8a7-d0c41e9928f0,AI-driven personalization
89cf72c1a436ca9477bc8fd096010f46827f404f,AI in Research
89cf72c1a436ca9477bc8fd096010f46827f404f,SaaS platforms
89cf72c1a436ca9477bc8fd096010f46827f404f,Data security
3e66a7b168a7a1a56925f1755c71b473,Personalized medicine Preventive healthcare Longevity
e0a7f09245b9414ebf7374455b0c009f,Generative AI
e0a7f09245b9414ebf7374455b0c009f,Quantum Computing
20250228techcrunchai,AI tools startup focus AI investment
c157a77b47227f608e17a640f809778b,Startup scaling VC networking
2c6c78a54f374436a4a98899f7157fa7,AI-powered surveillance ethical AI
4a85942b2562814c9c53656191581a28,Startup competitions startup networking events
8f9e2b3a1c4e5d7a6b8c9d0e1f2a3b4c,Generative AI Multimodal AI AI Investment
24a4e3a7f17800f759b9a1f047310490,Generative AI Scaling AI infrastructure
284a4dd8d6b8f11b4b9d0c3367c78a74,AI-powered Solutions Cloud Computing AI Infrastructure
2a0cf7847a2c08430a3452d374b3b7d3a5854207,AI innovation AI competition
657df71b1d22926271f100e5671e5521,AI-powered Automation Real-time Financial Analysis Automated Accounting Processes
8a4c8a3a8f4b9c9a8d5f6e7b4a3c2d1e,AI adoption Automation of business processes
3b098c11875ef8f1d9b1a473363a018c,AI Computer Vision EdgeAI Software-Defined Hardware
a1b2c3d4e5f6g7h8i9j0k1l2m3n4o5p6,StartupCompetitions IndustryNetworking TechnologyEvents
58c1a953313c8e740f9f60565703a383,Embedded finance
58c1a953313c8e740f9f60565703a383,Home service aggregation
58c1a953313c8e740f9f60565703a383,Digital transformation of moving process
c5b742c127a9f331f4385d08313d1a73,Vendor Consolidation
c5b742c127a9f331f4385d08313d1a73,Automated Decision Making
c5b742c127a9f331f4385d08313d1a73,AI-powered Applications
3a49b7a65c7a93a8cbdb93f6884783146022f235,AI-Powered Healthcare Virtual Care Hybrid Care Models Personalized Healthcare
5f68801f17a2c6f07e6c7047718a99a1,Generative AI Diffusion Models Parallel Computing Reduced AI Latency
26e4b50548493f5969a29f27f33e0c0b,AI investment scaling rapid AI innovation
63e4b11b7657938655644b8e09687b14,AI Competition Deep Learning
c200b3e6c7fe458e34457948e10b719f,AI Coding Assistants Open Source AI Custom AI Solutions Developer Tooling
778e2e9b11426e22f2426b72cc240a5a,Vertical SaaS BNPL AI-powered healthcare solutions
4f45a8a2c509b7365393b567a8910ff7,Generative AI AI ecosystems AI-powered video intelligence
18d57648e33302a23633503ff7918df3,Generative AI Space Tech Fintech IPO SaaS
5dd6a5d97373805b66f8a408a58914f7,Gamification in Training
5dd6a5d97373805b66f8a408a58914f7,AI-Powered Cybersecurity Threats
5dd6a5d97373805b66f8a408a58914f7,Personalized Security Solutions
6f374a5d8e7a3c2b1d9f5e8c0a2b7d6e,Generative AI Sales Automation AI Copilots
a8f5b3c7e9d2a1b4c6f8e3d2a1b4c6f8e3d2a1b4,AI Agents AI-driven automation
1cae55973f1505378c96cf3d005c345b,AI-powered surveillance Ethical AI Growing anxieties over AI in the workplace
629a66306a753199818db498774a2e86,Humanoid robotics AI-driven automation Autonomous manufacturing
4059704f6b50b0d780e8d98c9e60a073,AI Automation
4059704f6b50b0d780e8d98c9e60a073,Supply Chain Optimization
4059704f6b50b0d780e8d98c9e60a073,Document Automation
69f5b03b52e95994015290342f496828,Non-invasive diagnostics Personalized medicine Early disease detection
708676253,AI Accelerators Serverless Computing Open Source AI
2b6922d0361e24989873515d330d4e68,Digitalization Rapid Growth
6a204bd89f14c97b54359a3979f1d0b4,Early-stage startup investment global startup competitions
98a7f152474f4683979b31b5867f728a,Generative AI LLMs AI in Legal Tech
a7163b2c4f40697039c6142dd281f1b3,Sustainable agriculture controlled environment agriculture
6b86b273ff34fce19d6b804eff5a3f5747ada4eaa22f1d49c01e52ddb7875b4b,AI Chatbots Mental health support Digital wellbeing
8438312c2d4c100616e1a7305a627a50,Fintech Compliance FraudDetection
3e86e52f7b506f3494d4a49a5912f6b4,AI drug discovery circular RNA therapeutics
70c750c4930986f5895704a95b54f7b7,AI-powered wearables
b8ca547f9f1b0a1c49999e12732298d2,AI ecosystem Emerging AI tools AI startup growth
677b990e116a4f3440708c442ca2ff73,AI Investing Startup competitions Industry Expert Roundtables
66870c0cfb7775282b0f6a68,In-person events Startup scaling VC networking
4921847219487491283,Computer Vision AI sales platforms genetic research AI healthcare models contract recruiting
6b86b273ff34fce19d6b804eff5a3f5747ada4eaa22f1d49c01e52ddb7875b4b,Facial Recognition Data Privacy AI Governance
d41d8cd98f00b204e9800998ecf8427e,AI Observability
d41d8cd98f00b204e9800998ecf8427e,AI Evaluation
d41d8cd98f00b204e9800998ecf8427e,Generative AI
559c62474cfb65576298ca0375c6a307,AI-powered coding assistants
559c62474cfb65576298ca0375c6a307,Agentic AI
saronicraises600mtomass-produceautonomouswarships,Autonomous systems Drone warfare Defense tech investment
2515ce5f298fd9c436720c20584237eb,Fertility benefits insurance
b0744e1d9268519119272045dd186224,Voice and Speech Recognition AI bias reduction
f9f93a7b0d477e31e1a15e6d1c689609,AI AssistantsMobile App Downloads
577b84d4093d9e719e6b1c32867bc984,Creator economy growth Niche audience targeting Community-driven business models
7f4d473658d8531978c63d8918d0602b,AI-driven content Personalized learning Video-first training
61ca3c69e8f1c37b08c3255f87f8b7a1,AI safety and alignment Focus on superintelligence
a9f2e64f8718dd76e1e68ff06d162060,AI Customization AI Safety Multimodal AI
7a3b8c2d1e4f5a6b7c8d9e0f1a2b3c4d,Group transportation Demand for convenient ridesharing services Focus on young adult market
6a562781b2756e2b023c125a66123c08,Generative AI
6a562781b2756e2b023c125a66123c08,AI agents
6a562781b2756e2b023c125a66123c08,Customer Data Platforms
a27c4cf094f4b139843247d144d893a0,Generative AI AI-powered localization services Low-code development platforms
d41d8cd98f00b204e9800998ecf8427e,Generative AI Legal AI Domain-Specialized AI
3a44958d77dae426d0c24846c16643d1,Wearable Sensors Personalized Health Continuous Monitoring
683e2edd75f960a4655e269379061cae,Gamification in EducationPersonalized LearningAdaptive Learning
3b2148325305636308e4136a65ff1108,Generative AI
3b2148325305636308e4136a65ff1108,Regional AI Customization
3b2148325305636308e4136a65ff1108,Multilingual AI
64a45f2d8fa6e7d8851e2c84c2c87981,Sustainable AI Environmental Regulations Transparency
3c5e191c033b368a9204201b936470d8,AI-powered research tools AI benchmarking
6c8e9c36a3f83a465a8147c86236d8e3,AI Boom HumanoidRobotsCommercialization RoboticsAdoption
419ae82c597c5e05c9ca9560f490110e,IPO Market Uncertainty
6f9143,Generative AI AI-powered features
a7f8b9c2d1e5a4b3c8d7e6f5a4b3c2d1,Countercyclical investment in AI and security AI-enabled medical diagnostics
66f5b796864f3350e9508735,Generative AI AI tools Startup ecosystem
a8822723b8341202f74451f5c90f3665,StartupScaling IndustryNetworking KnowledgeSharing
8175027234979061806869403702870729572,AI acquisitions
8175027234979061806869403702870729572,Tech rivalry
b6c8a4998834f2263f0165409827c2f9,No-code development UI/UX design streamlining
6a1380d6638d597843270f08ff6ef208,Generative AI
6a1380d6638d597843270f08ff6ef208,AI-driven marketing
6a1380d6638d597843270f08ff6ef208,Personalized content
a261f9711524dd5b077f5f7f590a3e9a,DEI backlash
a261f9711524dd5b077f5f7f590a3e9a,Emphasis on dynamic teams
a261f9711524dd5b077f5f7f590a3e9a,Focus on fairness in AI
5fe66370cf45a5c6456222a71416c6f45852436f567d536830483a3875612747,Early-stage funding Startup competitions
b2992b39f611b69209c7c6ca0a376e92,AI-powered drones autonomous weapons defense tech manufacturing scale up
21c77449f413f2782e5b7b10f3a8cf4f,Autonomous delivery systems Robotization of last-mile delivery Increased AV adoption in urban environments
47139f1f89457786b607d920a7407889,Embodied AI
47139f1f89457786b607d920a7407889,Humanoid Robots
47139f1f89457786b607d920a7407889,Robotics Partnerships
47139f1f89457786b607d920a7407889,Vertically integrated robot AI
